canonical_team,year,elo
France,1930,1478.348763745859
Mexico,1930,1441.7488139864147
United States,1930,1521.4857806547082
Belgium,1930,1456.9418434056322
Serbia,1930,1519.9199141833508
Brazil,1930,1500.134408546767
Romania,1930,1499.865591453233
Peru,1930,1458.4946796750266
Argentina,1930,1558.5968176794688
Chile,1930,1518.2396206872
Bolivia,1930,1458.3602711282597
Paraguay,1930,1501.5528362693944
Uruguay,1930,1586.3106585846856
France,1934,1458.4437654225283
Mexico,1934,1441.7488139864147
United States,1934,1498.1521486446422
Belgium,1934,1438.6406844505966
Serbia,1934,1519.9199141833508
Brazil,1934,1478.5276123466783
Romania,1934,1478.2801853116105
Peru,1934,1458.4946796750266
Argentina,1934,1532.1550283643467
Chile,1934,1518.2396206872
Bolivia,1934,1458.3602711282597
Paraguay,1934,1501.5528362693944
Uruguay,1934,1586.3106585846856
Austria,1934,1498.0790983912727
Czech Republic,1934,1542.5715848734633
Germany,1934,1540.802628443668
Hungary,1934,1499.865254596165
Egypt,1934,1478.4038999881732
Italy,1934,1581.5390310338164
Spain,1934,1507.3154634366722
Sweden,1934,1504.1937711237147
Switzerland,1934,1499.999149070147
Netherlands,1934,1478.4038999881732
France,1938,1465.2187130313205
Mexico,1938,1441.7488139864147
United States,1938,1498.1521486446422
Belgium,1938,1418.5939210497804
Serbia,1938,1519.9199141833508
Brazil,1938,1531.1138754933293
Romania,1938,1466.905082071338
Peru,1938,1458.4946796750266
Argentina,1938,1532.1550283643467
Chile,1938,1518.2396206872
Bolivia,1938,1458.3602711282597
Paraguay,1938,1501.5528362693944
Uruguay,1938,1586.3106585846856
Austria,1938,1498.0790983912727
Czech Republic,1938,1536.0443882463785
Germany,1938,1520.07438928733
Hungary,1938,1546.38885300761
Egypt,1938,1478.4038999881732
Italy,1938,1642.6981328476077
Spain,1938,1507.3154634366722
Sweden,1938,1484.7749335234325
Switzerland,1938,1499.1905082849516
Netherlands,1938,1461.6107158568127
Cuba,1938,1489.204331464637
Indonesia,1938,1478.393176990026
Norway,1938,1484.3890781840532
Poland,1938,1476.6674673219538
France,1950,1465.2187130313205
Mexico,1950,1397.3129440369134
United States,1950,1478.8890075424622
Belgium,1950,1418.5939210497804
Serbia,1950,1530.2244933571246
Brazil,1950,1574.8393999296284
Romania,1950,1466.905082071338
Peru,1950,1458.4946796750266
Argentina,1950,1532.1550283643467
Chile,1950,1499.8745592781502
Bolivia,1950,1445.6330136557117
Paraguay,1950,1496.7351682560793
Uruguay,1950,1623.7286554979353
Austria,1950,1498.0790983912727
Czech Republic,1950,1536.0443882463785
Germany,1950,1520.07438928733
Hungary,1950,1546.38885300761
Egypt,1950,1478.4038999881732
Italy,1950,1622.3882879530452
Spain,1950,1526.3086750173775
Sweden,1950,1505.2027164519106
Switzerland,1950,1508.3605172562702
Netherlands,1950,1461.6107158568127
Cuba,1950,1489.204331464637
Indonesia,1950,1478.393176990026
Norway,1950,1484.3890781840532
Poland,1950,1476.6674673219538
England,1950,1479.879738837332
France,1954,1465.4794376594311
Mexico,1954,1370.2180305213283
United States,1954,1478.8890075424622
Belgium,1954,1420.6023354376575
Serbia,1954,1535.2565884691817
Brazil,1954,1552.8484697117053
Romania,1954,1466.905082071338
Peru,1954,1458.4946796750266
Argentina,1954,1532.1550283643467
Chile,1954,1499.8745592781502
Bolivia,1954,1445.6330136557117
Paraguay,1954,1496.7351682560793
Uruguay,1954,1605.4300715116167
Austria,1954,1570.9360245775
Czech Republic,1954,1499.1619874715911
Germany,1954,1610.4960388755253
Hungary,1954,1605.7709121273208
Egypt,1954,1478.4038999881732
Italy,1954,1573.0163279380588
Spain,1954,1526.3086750173775
Sweden,1954,1505.2027164519106
Switzerland,1954,1519.519750905275
Netherlands,1954,1461.6107158568127
Cuba,1954,1489.204331464637
Indonesia,1954,1478.393176990026
Norway,1954,1484.3890781840532
Poland,1954,1476.6674673219538
England,1954,1483.3043688169653
Scotland,1954,1467.3107956221645
Korea Republic,1954,1460.1888665720498
Türkiye,1954,1481.59339366457
France,1958,1530.5336790311392
Mexico,1958,1353.7712594159793
United States,1958,1478.8890075424622
Belgium,1958,1420.6023354376575
Serbia,1958,1528.4667098906002
Brazil,1958,1633.3853143549275
Romania,1958,1466.905082071338
Peru,1958,1458.4946796750266
Argentina,1958,1499.837744165249
Chile,1958,1499.8745592781502
Bolivia,1958,1445.6330136557117
Paraguay,1958,1490.2249678453582
Uruguay,1958,1605.4300715116167
Austria,1958,1528.799784542505
Czech Republic,1958,1498.6387636419638
Germany,1958,1566.2200365164874
Hungary,1958,1545.648555995183
Egypt,1958,1478.4038999881732
Italy,1958,1573.0163279380588
Spain,1958,1526.3086750173775
Sweden,1958,1562.7967182355405
Switzerland,1958,1519.519750905275
Netherlands,1958,1461.6107158568127
Cuba,1958,1489.204331464637
Indonesia,1958,1478.393176990026
Norway,1958,1484.3890781840532
Poland,1958,1476.6674673219538
England,1958,1478.4851850804157
Scotland,1958,1437.8757732670333
Korea Republic,1958,1460.1888665720498
Türkiye,1958,1481.59339366457
Northern Ireland,1958,1511.9454519275378
Wales,1958,1528.545338124447
Russia,1958,1499.7002848906834
France,1962,1530.5336790311392
Mexico,1962,1375.0722267073386
United States,1962,1478.8890075424622
Belgium,1962,1420.6023354376575
Serbia,1962,1530.596385483702
Brazil,1962,1676.262752750492
Romania,1962,1466.905082071338
Peru,1962,1458.4946796750266
Argentina,1962,1509.3947059946445
Chile,1962,1560.4518776363695
Bolivia,1962,1445.6330136557117
Paraguay,1962,1490.2249678453582
Uruguay,1962,1560.2926145801357
Austria,1962,1528.799784542505
Czech Republic,1962,1539.33595359827
Germany,1962,1569.9797728368383
Hungary,1962,1536.4277156254464
Egypt,1962,1478.4038999881732
Italy,1962,1570.5432557803247
Spain,1962,1499.8651199221513
Sweden,1962,1562.7967182355405
Switzerland,1962,1463.3517855140637
Netherlands,1962,1461.6107158568127
Cuba,1962,1489.204331464637
Indonesia,1962,1478.393176990026
Norway,1962,1484.3890781840532
Poland,1962,1476.6674673219538
England,1962,1466.988845536664
Scotland,1962,1437.8757732670333
Korea Republic,1962,1460.1888665720498
Türkiye,1962,1481.59339366457
Northern Ireland,1962,1511.9454519275378
Wales,1962,1528.545338124447
Russia,1962,1517.8198927256628
Colombia,1962,1478.5997702144857
Bulgaria,1962,1473.320563695378
France,1966,1471.3853609508753
Mexico,1966,1386.1350445001726
United States,1966,1478.8890075424622
Belgium,1966,1420.6023354376575
Serbia,1966,1530.596385483702
Brazil,1966,1618.3211363973405
Romania,1966,1466.905082071338
Peru,1966,1458.4946796750266
Argentina,1966,1516.4045451835777
Chile,1966,1508.0193447205552
Bolivia,1966,1445.6330136557117
Paraguay,1966,1490.2249678453582
Uruguay,1966,1551.1790093525808
Austria,1966,1528.799784542505
Czech Republic,1966,1539.33595359827
Germany,1966,1613.3875488921176
Hungary,1966,1542.4524152658446
Egypt,1966,1478.4038999881732
Italy,1966,1537.7065862486065
Spain,1966,1483.238365454499
Sweden,1966,1562.7967182355405
Switzerland,1966,1415.3992719413002
Netherlands,1966,1461.6107158568127
Cuba,1966,1489.204331464637
Indonesia,1966,1478.393176990026
Norway,1966,1484.3890781840532
Poland,1966,1476.6674673219538
England,1966,1585.0177279633533
Scotland,1966,1437.8757732670333
Korea Republic,1966,1460.1888665720498
Türkiye,1966,1481.59339366457
Northern Ireland,1966,1511.9454519275378
Wales,1966,1528.545338124447
Russia,1966,1559.5127381470138
Colombia,1966,1478.5997702144857
Bulgaria,1966,1432.9528646102985
North Korea,1966,1502.6896391415219
Portugal,1966,1586.5032095669915
France,1970,1471.3853609508753
Mexico,1970,1429.7212666386215
United States,1970,1478.8890075424622
Belgium,1970,1411.9593179860296
Serbia,1970,1530.596385483702
Brazil,1970,1703.3288627088496
Romania,1970,1470.6398932078487
Peru,1970,1477.8351991720872
Argentina,1970,1516.4045451835777
Chile,1970,1508.0193447205552
Bolivia,1970,1445.6330136557117
Paraguay,1970,1490.2249678453582
Uruguay,1970,1546.5516312446634
Austria,1970,1528.799784542505
Czech Republic,1970,1480.6511770115942
Germany,1970,1651.9454894451994
Hungary,1970,1542.4524152658446
Egypt,1970,1478.4038999881732
Italy,1970,1584.4296610009392
Spain,1970,1483.238365454499
Sweden,1970,1550.7920159264343
Switzerland,1970,1415.3992719413002
Netherlands,1970,1461.6107158568127
Cuba,1970,1489.204331464637
Indonesia,1970,1478.393176990026
Norway,1970,1484.3890781840532
Poland,1970,1476.6674673219538
England,1970,1577.3788627237552
Scotland,1970,1437.8757732670333
Korea Republic,1970,1460.1888665720498
Türkiye,1970,1481.59339366457
Northern Ireland,1970,1511.9454519275378
Wales,1970,1528.545338124447
Russia,1970,1538.5453699568016
Colombia,1970,1478.5997702144857
Bulgaria,1970,1401.3727096082253
North Korea,1970,1502.6896391415219
Portugal,1970,1586.5032095669915
Israel,1970,1508.957163304744
El Salvador,1970,1430.588264205079
Morocco,1970,1467.6505409884442
France,1974,1471.3853609508753
Mexico,1974,1429.7212666386215
United States,1974,1478.8890075424622
Belgium,1974,1411.9593179860296
Serbia,1974,1496.840505860504
Brazil,1974,1647.780405964795
Romania,1974,1470.6398932078487
Peru,1974,1477.8351991720872
Argentina,1974,1465.2031417234207
Chile,1974,1495.459456721927
Bolivia,1974,1445.6330136557117
Paraguay,1974,1490.2249678453582
Uruguay,1974,1484.5951356766573
Austria,1974,1528.799784542505
Czech Republic,1974,1480.6511770115942
Germany,1974,1755.6736365538875
Hungary,1974,1542.4524152658446
Egypt,1974,1478.4038999881732
Italy,1974,1572.522618037722
Spain,1974,1483.238365454499
Sweden,1974,1531.3235820179266
Switzerland,1974,1415.3992719413002
Netherlands,1974,1593.2422453017205
Cuba,1974,1489.204331464637
Indonesia,1974,1478.393176990026
Norway,1974,1484.3890781840532
Poland,1974,1633.3051219756874
England,1974,1577.3788627237552
Scotland,1974,1487.4517056076654
Korea Republic,1974,1460.1888665720498
Türkiye,1974,1481.59339366457
Northern Ireland,1974,1511.9454519275378
Wales,1974,1528.545338124447
Russia,1974,1538.5453699568016
Colombia,1974,1478.5997702144857
Bulgaria,1974,1386.712472457475
North Korea,1974,1502.6896391415219
Portugal,1974,1586.5032095669915
Israel,1974,1508.957163304744
El Salvador,1974,1430.588264205079
Morocco,1974,1467.6505409884442
East Germany,1974,1517.058651562202
Australia,1974,1450.0172039096271
Congo DR,1974,1423.0459650708115
Haiti,1974,1429.3627533259173
France,1978,1464.7922438819096
Mexico,1978,1401.6626713424928
United States,1978,1478.8890075424622
Belgium,1978,1411.9593179860296
Serbia,1978,1496.840505860504
Brazil,1978,1682.712176931157
Romania,1978,1470.6398932078487
Peru,1978,1472.7755337777803
Argentina,1978,1570.4046506188085
Chile,1978,1495.459456721927
Bolivia,1978,1445.6330136557117
Paraguay,1978,1490.2249678453582
Uruguay,1978,1484.5951356766573
Austria,1978,1539.4281589520629
Czech Republic,1978,1480.6511770115942
Germany,1978,1679.8779591667776
Hungary,1978,1471.6338649687777
Egypt,1978,1478.4038999881732
Italy,1978,1586.9908438757152
Spain,1978,1509.4745243938294
Sweden,1978,1501.2240904979517
Switzerland,1978,1415.3992719413002
Netherlands,1978,1610.9141129668258
Cuba,1978,1489.204331464637
Indonesia,1978,1478.393176990026
Norway,1978,1484.3890781840532
Poland,1978,1638.0644185822025
England,1978,1577.3788627237552
Scotland,1978,1491.2037599856706
Korea Republic,1978,1460.1888665720498
Türkiye,1978,1481.59339366457
Northern Ireland,1978,1511.9454519275378
Wales,1978,1528.545338124447
Russia,1978,1538.5453699568016
Colombia,1978,1478.5997702144857
Bulgaria,1978,1386.712472457475
North Korea,1978,1502.6896391415219
Portugal,1978,1586.5032095669915
Israel,1978,1508.957163304744
El Salvador,1978,1430.588264205079
Morocco,1978,1467.6505409884442
East Germany,1978,1517.058651562202
Australia,1978,1450.0172039096271
Congo DR,1978,1423.0459650708115
Haiti,1978,1429.3627533259173
Tunisia,1978,1526.5384230422233
Iran,1978,1472.2374162230726
France,1982,1539.8025675602532
Mexico,1982,1401.6626713424928
United States,1982,1478.8890075424622
Belgium,1982,1426.883173937891
Serbia,1982,1509.8260455695133
Brazil,1982,1699.8247104725676
Romania,1982,1470.6398932078487
Peru,1982,1471.1936284642038
Argentina,1982,1507.7606635387478
Chile,1982,1433.3091094881793
Bolivia,1982,1445.6330136557117
Paraguay,1982,1490.2249678453582
Uruguay,1982,1484.5951356766573
Austria,1982,1537.5850056267288
Czech Republic,1982,1470.180579259825
Germany,1982,1621.2813462063298
Hungary,1982,1479.941729700919
Egypt,1982,1478.4038999881732
Italy,1982,1673.111987231586
Spain,1982,1477.2445100043378
Sweden,1982,1501.2240904979517
Switzerland,1982,1415.3992719413002
Netherlands,1982,1610.9141129668258
Cuba,1982,1489.204331464637
Indonesia,1982,1478.393176990026
Norway,1982,1484.3890781840532
Poland,1982,1625.206439798194
England,1982,1624.1477838780638
Scotland,1982,1515.1227894162603
Korea Republic,1982,1460.1888665720498
Türkiye,1982,1481.59339366457
Northern Ireland,1982,1545.1595896987228
Wales,1982,1528.545338124447
Russia,1982,1563.727425973446
Colombia,1982,1478.5997702144857
Bulgaria,1982,1386.712472457475
North Korea,1982,1502.6896391415219
Portugal,1982,1586.5032095669915
Israel,1982,1508.957163304744
El Salvador,1982,1382.5571294194383
Morocco,1982,1467.6505409884442
East Germany,1982,1517.058651562202
Australia,1982,1450.0172039096271
Congo DR,1982,1423.0459650708115
Haiti,1982,1429.3627533259173
Tunisia,1982,1526.5384230422233
Iran,1982,1472.2374162230726
Cameroon,1982,1535.570683585933
New Zealand,1982,1452.5776105044415
Algeria,1982,1530.4170952809973
Honduras,1982,1460.6204016563643
Kuwait,1982,1467.6745352549758
France,1986,1644.9436750652794
Mexico,1986,1511.3258348960705
United States,1986,1478.8890075424622
Belgium,1986,1466.3421600002948
Serbia,1986,1509.8260455695133
Brazil,1986,1744.3721525786582
Romania,1986,1470.6398932078487
Peru,1986,1471.1936284642038
Argentina,1986,1638.0784635426596
Chile,1986,1433.3091094881793
Bolivia,1986,1445.6330136557117
Paraguay,1986,1486.7036873629468
Uruguay,1986,1462.1194600808435
Austria,1986,1537.5850056267288
Czech Republic,1986,1470.180579259825
Germany,1986,1633.3484825839284
Hungary,1986,1454.4475044584872
Egypt,1986,1478.4038999881732
Italy,1986,1618.519112834895
Spain,1986,1568.7847730699225
Sweden,1986,1501.2240904979517
Switzerland,1986,1415.3992719413002
Netherlands,1986,1610.9141129668258
Cuba,1986,1489.204331464637
Indonesia,1986,1478.393176990026
Norway,1986,1484.3890781840532
Poland,1986,1602.3143882266943
England,1986,1596.8499439368265
Scotland,1986,1455.7409573931463
Korea Republic,1986,1409.8905769840123
Türkiye,1986,1481.59339366457
Northern Ireland,1986,1487.2155149522216
Wales,1986,1528.545338124447
Russia,1986,1550.4189416671873
Colombia,1986,1478.5997702144857
Bulgaria,1986,1384.4485206464549
North Korea,1986,1502.6896391415219
Portugal,1986,1544.6820240679997
Israel,1986,1508.957163304744
El Salvador,1986,1382.5571294194383
Morocco,1986,1502.5608796294996
East Germany,1986,1517.058651562202
Australia,1986,1450.0172039096271
Congo DR,1986,1423.0459650708115
Haiti,1986,1429.3627533259173
Tunisia,1986,1526.5384230422233
Iran,1986,1472.2374162230726
Cameroon,1986,1535.570683585933
New Zealand,1986,1452.5776105044415
Algeria,1986,1474.6878025310432
Honduras,1986,1460.6204016563643
Kuwait,1986,1467.6745352549758
Canada,1986,1431.4037093642653
Iraq,1986,1394.7510355515024
Denmark,1986,1543.2200757229461
France,1990,1644.9436750652794
Mexico,1990,1511.3258348960705
United States,1990,1412.8366502966824
Belgium,1990,1459.2949859277173
Serbia,1990,1594.2025621787554
Brazil,1990,1715.7075537867431
Romania,1990,1522.0924884431395
Peru,1990,1471.1936284642038
Argentina,1990,1607.2838422605028
Chile,1990,1433.3091094881793
Bolivia,1990,1445.6330136557117
Paraguay,1990,1486.7036873629468
Uruguay,1990,1465.174061538509
Austria,1990,1500.182843932055
Czech Republic,1990,1526.2882546849469
Germany,1990,1691.792729241834
Hungary,1990,1454.4475044584872
Egypt,1990,1489.346663522321
Italy,1990,1713.410924162491
Spain,1990,1578.1041776823301
Sweden,1990,1417.7553576222122
Switzerland,1990,1415.3992719413002
Netherlands,1990,1582.3844426865214
Cuba,1990,1489.204331464637
Indonesia,1990,1478.393176990026
Norway,1990,1484.3890781840532
Poland,1990,1602.3143882266943
England,1990,1633.2252817811109
Scotland,1990,1474.1084412759744
Korea Republic,1990,1336.7241370818792
Türkiye,1990,1481.59339366457
Northern Ireland,1990,1487.2155149522216
Wales,1990,1528.545338124447
Russia,1990,1536.8715305849169
Colombia,1990,1495.6669786772645
Bulgaria,1990,1384.4485206464549
North Korea,1990,1502.6896391415219
Portugal,1990,1544.6820240679997
Israel,1990,1508.957163304744
El Salvador,1990,1382.5571294194383
Morocco,1990,1502.5608796294996
East Germany,1990,1517.058651562202
Australia,1990,1450.0172039096271
Congo DR,1990,1423.0459650708115
Haiti,1990,1429.3627533259173
Tunisia,1990,1526.5384230422233
Iran,1990,1472.2374162230726
Cameroon,1990,1534.933750636459
New Zealand,1990,1452.5776105044415
Algeria,1990,1474.6878025310432
Honduras,1990,1460.6204016563643
Kuwait,1990,1467.6745352549758
Canada,1990,1431.4037093642653
Iraq,1990,1394.7510355515024
Denmark,1990,1543.2200757229461
United Arab Emirates,1990,1433.853974634665
Costa Rica,1990,1521.6316731833363
Republic of Ireland,1990,1473.4248073097544
France,1991,1644.9436750652794
Mexico,1991,1511.3258348960705
United States,1991,1644.1937478202888
Belgium,1991,1459.2949859277173
Serbia,1991,1594.2025621787554
Brazil,1991,1628.7842934823254
Romania,1991,1522.0924884431395
Peru,1991,1471.1936284642038
Argentina,1991,1607.2838422605028
Chile,1991,1433.3091094881793
Bolivia,1991,1445.6330136557117
Paraguay,1991,1486.7036873629468
Uruguay,1991,1465.174061538509
Austria,1991,1500.182843932055
Czech Republic,1991,1526.2882546849469
Germany,1991,1686.8751781551334
Hungary,1991,1454.4475044584872
Egypt,1991,1489.346663522321
Italy,1991,1663.7168068802825
Spain,1991,1578.1041776823301
Sweden,1991,1525.9132036456342
Switzerland,1991,1415.3992719413002
Netherlands,1991,1582.3844426865214
Cuba,1991,1489.204331464637
Indonesia,1991,1478.393176990026
Norway,1991,1548.803276538373
Poland,1991,1602.3143882266943
England,1991,1633.2252817811109
Scotland,1991,1474.1084412759744
Korea Republic,1991,1336.7241370818792
Türkiye,1991,1481.59339366457
Northern Ireland,1991,1487.2155149522216
Wales,1991,1528.545338124447
Russia,1991,1536.8715305849169
Colombia,1991,1495.6669786772645
Bulgaria,1991,1384.4485206464549
North Korea,1991,1502.6896391415219
Portugal,1991,1544.6820240679997
Israel,1991,1508.957163304744
El Salvador,1991,1382.5571294194383
Morocco,1991,1502.5608796294996
East Germany,1991,1517.058651562202
Australia,1991,1450.0172039096271
Congo DR,1991,1423.0459650708115
Haiti,1991,1429.3627533259173
Tunisia,1991,1526.5384230422233
Iran,1991,1472.2374162230726
Cameroon,1991,1534.933750636459
New Zealand,1991,1403.4224595942399
Algeria,1991,1474.6878025310432
Honduras,1991,1460.6204016563643
Kuwait,1991,1467.6745352549758
Canada,1991,1431.4037093642653
Iraq,1991,1394.7510355515024
Denmark,1991,1515.6821090321873
United Arab Emirates,1991,1433.853974634665
Costa Rica,1991,1521.6316731833363
Republic of Ireland,1991,1473.4248073097544
China,1991,1487.3263728007817
Nigeria,1991,1459.7549265245962
Japan,1991,1401.5721501421374
Chinese Taipei,1991,1465.6454549054238
France,1994,1644.9436750652794
Mexico,1994,1518.888973027483
United States,1994,1568.5861596069135
Belgium,1994,1467.5583307705895
Serbia,1994,1594.2025621787554
Brazil,1994,1713.7179111711941
Romania,1994,1575.4696479870197
Peru,1994,1471.1936284642038
Argentina,1994,1557.2810642380914
Chile,1994,1433.3091094881793
Bolivia,1994,1412.9385008663708
Paraguay,1994,1486.7036873629468
Uruguay,1994,1465.174061538509
Austria,1994,1500.182843932055
Czech Republic,1994,1526.2882546849469
Germany,1994,1649.9122389970748
Hungary,1994,1454.4475044584872
Egypt,1994,1489.346663522321
Italy,1994,1699.273616500986
Spain,1994,1592.5022918337932
Sweden,1994,1596.4421686974279
Switzerland,1994,1432.1161218245802
Netherlands,1994,1575.8515586921362
Cuba,1994,1489.204331464637
Indonesia,1994,1478.393176990026
Norway,1994,1553.7266708931006
Poland,1994,1602.3143882266943
England,1994,1633.2252817811109
Scotland,1994,1474.1084412759744
Korea Republic,1994,1352.589937719089
Türkiye,1994,1481.59339366457
Northern Ireland,1994,1487.2155149522216
Wales,1994,1528.545338124447
Russia,1994,1523.8635082550556
Colombia,1994,1489.7332637592106
Bulgaria,1994,1467.2453030444262
North Korea,1994,1502.6896391415219
Portugal,1994,1544.6820240679997
Israel,1994,1508.957163304744
El Salvador,1994,1382.5571294194383
Morocco,1994,1427.2740903651918
East Germany,1994,1517.058651562202
Australia,1994,1450.0172039096271
Congo DR,1994,1423.0459650708115
Haiti,1994,1429.3627533259173
Tunisia,1994,1526.5384230422233
Iran,1994,1472.2374162230726
Cameroon,1994,1490.0111457841485
New Zealand,1994,1403.4224595942399
Algeria,1994,1474.6878025310432
Honduras,1994,1460.6204016563643
Kuwait,1994,1467.6745352549758
Canada,1994,1431.4037093642653
Iraq,1994,1394.7510355515024
Denmark,1994,1515.6821090321873
United Arab Emirates,1994,1433.853974634665
Costa Rica,1994,1521.6316731833363
Republic of Ireland,1994,1481.073864477531
China,1994,1487.3263728007817
Nigeria,1994,1472.8145962855301
Japan,1994,1401.5721501421374
Chinese Taipei,1994,1465.6454549054238
Saudi Arabia,1994,1508.4409904949587
Greece,1994,1416.8781398142537
France,1995,1644.9436750652794
Mexico,1995,1518.888973027483
United States,1995,1609.3361468361593
Belgium,1995,1467.5583307705895
Serbia,1995,1594.2025621787554
Brazil,1995,1643.6543009679676
Romania,1995,1575.4696479870197
Peru,1995,1471.1936284642038
Argentina,1995,1557.2810642380914
Chile,1995,1433.3091094881793
Bolivia,1995,1412.9385008663708
Paraguay,1995,1486.7036873629468
Uruguay,1995,1465.174061538509
Austria,1995,1500.182843932055
Czech Republic,1995,1526.2882546849469
Germany,1995,1660.3950782735997
Hungary,1995,1454.4475044584872
Egypt,1995,1489.346663522321
Italy,1995,1699.273616500986
Spain,1995,1592.5022918337932
Sweden,1995,1595.1028301542824
Switzerland,1995,1432.1161218245802
Netherlands,1995,1575.8515586921362
Cuba,1995,1489.204331464637
Indonesia,1995,1478.393176990026
Norway,1995,1700.5483222748096
Poland,1995,1602.3143882266943
England,1995,1619.593614287475
Scotland,1995,1474.1084412759744
Korea Republic,1995,1352.589937719089
Türkiye,1995,1481.59339366457
Northern Ireland,1995,1487.2155149522216
Wales,1995,1528.545338124447
Russia,1995,1523.8635082550556
Colombia,1995,1489.7332637592106
Bulgaria,1995,1467.2453030444262
North Korea,1995,1502.6896391415219
Portugal,1995,1544.6820240679997
Israel,1995,1508.957163304744
El Salvador,1995,1382.5571294194383
Morocco,1995,1427.2740903651918
East Germany,1995,1517.058651562202
Australia,1995,1405.709381125439
Congo DR,1995,1423.0459650708115
Haiti,1995,1429.3627533259173
Tunisia,1995,1526.5384230422233
Iran,1995,1472.2374162230726
Cameroon,1995,1490.0111457841485
New Zealand,1995,1403.4224595942399
Algeria,1995,1474.6878025310432
Honduras,1995,1460.6204016563643
Kuwait,1995,1467.6745352549758
Canada,1995,1422.7149335658937
Iraq,1995,1394.7510355515024
Denmark,1995,1477.9367185421017
United Arab Emirates,1995,1433.853974634665
Costa Rica,1995,1521.6316731833363
Republic of Ireland,1995,1481.073864477531
China,1995,1504.971541155398
Nigeria,1995,1421.9146043728094
Japan,1995,1412.5491011254153
Chinese Taipei,1995,1465.6454549054238
Saudi Arabia,1995,1508.4409904949587
Greece,1995,1416.8781398142537
France,1998,1748.8648950316156
Mexico,1998,1543.4737638748322
United States,1998,1512.089665010555
Belgium,1998,1461.1757809529365
Serbia,1998,1623.3320774455813
Brazil,1998,1607.0359901962092
Romania,1998,1556.1825405640593
Peru,1998,1471.1936284642038
Argentina,1998,1575.2335572023662
Chile,1998,1435.8426530571942
Bolivia,1998,1412.9385008663708
Paraguay,1998,1517.2650138321487
Uruguay,1998,1465.174061538509
Austria,1998,1501.664586116893
Czech Republic,1998,1526.2882546849469
Germany,1998,1643.1326231097325
Hungary,1998,1454.4475044584872
Egypt,1998,1489.346663522321
Italy,1998,1707.8901201667043
Spain,1998,1545.6811420989975
Sweden,1998,1595.1028301542824
Switzerland,1998,1432.1161218245802
Netherlands,1998,1582.3069168820343
Cuba,1998,1489.204331464637
Indonesia,1998,1478.393176990026
Norway,1998,1690.721306831369
Poland,1998,1602.3143882266943
England,1998,1643.9245755484342
Scotland,1998,1432.2595830162343
Korea Republic,1998,1339.5044423635895
Türkiye,1998,1481.59339366457
Northern Ireland,1998,1487.2155149522216
Wales,1998,1528.545338124447
Russia,1998,1523.8635082550556
Colombia,1998,1469.925547086567
Bulgaria,1998,1439.0355160022443
North Korea,1998,1502.6896391415219
Portugal,1998,1544.6820240679997
Israel,1998,1508.957163304744
El Salvador,1998,1382.5571294194383
Morocco,1998,1474.174329822541
East Germany,1998,1517.058651562202
Australia,1998,1405.709381125439
Congo DR,1998,1423.0459650708115
Haiti,1998,1429.3627533259173
Tunisia,1998,1504.3682285232064
Iran,1998,1495.6004695641811
Cameroon,1998,1479.8159691687351
New Zealand,1998,1403.4224595942399
Algeria,1998,1474.6878025310432
Honduras,1998,1460.6204016563643
Kuwait,1998,1467.6745352549758
Canada,1998,1422.7149335658937
Iraq,1998,1394.7510355515024
Denmark,1998,1531.181299067695
United Arab Emirates,1998,1433.853974634665
Costa Rica,1998,1521.6316731833363
Republic of Ireland,1998,1481.073864477531
China,1998,1504.971541155398
Nigeria,1998,1421.2284743491261
Japan,1998,1341.7298018556846
Chinese Taipei,1998,1465.6454549054238
Saudi Arabia,1998,1468.40775880702
Greece,1998,1416.8781398142537
South Africa,1998,1472.0135217129819
Jamaica,1998,1479.9178836152844
Croatia,1998,1655.2942265891938
France,1999,1748.8648950316156
Mexico,1999,1488.934365970595
United States,1999,1616.3577564673014
Belgium,1999,1461.1757809529365
Serbia,1999,1623.3320774455813
Brazil,1999,1637.4703421341424
Romania,1999,1556.1825405640593
Peru,1999,1471.1936284642038
Argentina,1999,1575.2335572023662
Chile,1999,1435.8426530571942
Bolivia,1999,1412.9385008663708
Paraguay,1999,1517.2650138321487
Uruguay,1999,1465.174061538509
Austria,1999,1501.664586116893
Czech Republic,1999,1526.2882546849469
Germany,1999,1617.1879895623015
Hungary,1999,1454.4475044584872
Egypt,1999,1489.346663522321
Italy,1999,1706.1607258463744
Spain,1999,1545.6811420989975
Sweden,1999,1604.9650651836075
Switzerland,1999,1432.1161218245802
Netherlands,1999,1582.3069168820343
Cuba,1999,1489.204331464637
Indonesia,1999,1478.393176990026
Norway,1999,1683.4170902608257
Poland,1999,1602.3143882266943
England,1999,1643.9245755484342
Scotland,1999,1432.2595830162343
Korea Republic,1999,1339.5044423635895
Türkiye,1999,1481.59339366457
Northern Ireland,1999,1487.2155149522216
Wales,1999,1528.545338124447
Russia,1999,1543.6405633962368
Colombia,1999,1469.925547086567
Bulgaria,1999,1439.0355160022443
North Korea,1999,1467.4438176624521
Portugal,1999,1544.6820240679997
Israel,1999,1508.957163304744
El Salvador,1999,1382.5571294194383
Morocco,1999,1474.174329822541
East Germany,1999,1517.058651562202
Australia,1999,1370.0739278553615
Congo DR,1999,1423.0459650708115
Haiti,1999,1429.3627533259173
Tunisia,1999,1504.3682285232064
Iran,1999,1495.6004695641811
Cameroon,1999,1479.8159691687351
New Zealand,1999,1403.4224595942399
Algeria,1999,1474.6878025310432
Honduras,1999,1460.6204016563643
Kuwait,1999,1467.6745352549758
Canada,1999,1389.8295822001878
Iraq,1999,1394.7510355515024
Denmark,1999,1458.0552435569305
United Arab Emirates,1999,1433.853974634665
Costa Rica,1999,1521.6316731833363
Republic of Ireland,1999,1481.073864477531
China,1999,1640.8625496274321
Nigeria,1999,1463.879155407578
Japan,1999,1312.9625161902568
Chinese Taipei,1999,1465.6454549054238
Saudi Arabia,1999,1468.40775880702
Greece,1999,1416.8781398142537
South Africa,1999,1472.0135217129819
Jamaica,1999,1479.9178836152844
Croatia,1999,1655.2942265891938
Ghana,1999,1452.294186537915
France,2002,1635.631259773562
Mexico,2002,1521.7677222748132
United States,2002,1607.7173914486063
Belgium,2002,1484.616525066527
Serbia,2002,1623.3320774455813
Brazil,2002,1784.7247273867706
Romania,2002,1556.1825405640593
Peru,2002,1471.1936284642038
Argentina,2002,1567.924265340897
Chile,2002,1435.8426530571942
Bolivia,2002,1412.9385008663708
Paraguay,2002,1510.8878114490096
Uruguay,2002,1465.8386388439164
Austria,2002,1501.664586116893
Czech Republic,2002,1526.2882546849469
Germany,2002,1650.4462977463952
Hungary,2002,1454.4475044584872
Egypt,2002,1489.346663522321
Italy,2002,1627.4508402520737
Spain,2002,1581.8235396654695
Sweden,2002,1569.430011390697
Switzerland,2002,1432.1161218245802
Netherlands,2002,1582.3069168820343
Cuba,2002,1489.204331464637
Indonesia,2002,1478.393176990026
Norway,2002,1683.4170902608257
Poland,2002,1563.8339850638793
England,2002,1647.648557678902
Scotland,2002,1432.2595830162343
Korea Republic,2002,1458.7649559885347
Türkiye,2002,1605.847557582203
Northern Ireland,2002,1487.2155149522216
Wales,2002,1528.545338124447
Russia,2002,1494.4300048610944
Colombia,2002,1469.925547086567
Bulgaria,2002,1439.0355160022443
North Korea,2002,1467.4438176624521
Portugal,2002,1503.603843008425
Israel,2002,1508.957163304744
El Salvador,2002,1382.5571294194383
Morocco,2002,1474.174329822541
East Germany,2002,1517.058651562202
Australia,2002,1370.0739278553615
Congo DR,2002,1423.0459650708115
Haiti,2002,1429.3627533259173
Tunisia,2002,1428.5723920516118
Iran,2002,1495.6004695641811
Cameroon,2002,1477.6910795857154
New Zealand,2002,1403.4224595942399
Algeria,2002,1474.6878025310432
Honduras,2002,1460.6204016563643
Kuwait,2002,1467.6745352549758
Canada,2002,1389.8295822001878
Iraq,2002,1394.7510355515024
Denmark,2002,1502.2614264409926
United Arab Emirates,2002,1433.853974634665
Costa Rica,2002,1524.0748201708761
Republic of Ireland,2002,1540.16574301254
China,2002,1547.4271907540412
Nigeria,2002,1450.0751070681656
Japan,2002,1376.3532399675994
Chinese Taipei,2002,1465.6454549054238
Saudi Arabia,2002,1403.7084694179086
Greece,2002,1416.8781398142537
South Africa,2002,1473.2145001477622
Jamaica,2002,1479.9178836152844
Croatia,2002,1615.3928363687703
Ghana,2002,1452.294186537915
Senegal,2002,1542.9689572247316
Slovenia,2002,1424.3019896601027
Ecuador,2002,1509.8991036400284
France,2003,1636.2287338625101
Mexico,2003,1521.7677222748132
United States,2003,1657.737233431253
Belgium,2003,1484.616525066527
Serbia,2003,1623.3320774455813
Brazil,2003,1760.428388803609
Romania,2003,1556.1825405640593
Peru,2003,1471.1936284642038
Argentina,2003,1471.9790495188477
Chile,2003,1435.8426530571942
Bolivia,2003,1412.9385008663708
Paraguay,2003,1510.8878114490096
Uruguay,2003,1465.8386388439164
Austria,2003,1501.664586116893
Czech Republic,2003,1526.2882546849469
Germany,2003,1751.7536394641256
Hungary,2003,1454.4475044584872
Egypt,2003,1489.346663522321
Italy,2003,1627.4508402520737
Spain,2003,1581.8235396654695
Sweden,2003,1628.7413952122433
Switzerland,2003,1432.1161218245802
Netherlands,2003,1582.3069168820343
Cuba,2003,1489.204331464637
Indonesia,2003,1478.393176990026
Norway,2003,1665.8707042230621
Poland,2003,1563.8339850638793
England,2003,1647.648557678902
Scotland,2003,1432.2595830162343
Korea Republic,2003,1423.7323159891555
Türkiye,2003,1605.847557582203
Northern Ireland,2003,1487.2155149522216
Wales,2003,1528.545338124447
Russia,2003,1519.883890557847
Colombia,2003,1469.925547086567
Bulgaria,2003,1439.0355160022443
North Korea,2003,1460.5431100074745
Portugal,2003,1503.603843008425
Israel,2003,1508.957163304744
El Salvador,2003,1382.5571294194383
Morocco,2003,1474.174329822541
East Germany,2003,1517.058651562202
Australia,2003,1345.606844973185
Congo DR,2003,1423.0459650708115
Haiti,2003,1429.3627533259173
Tunisia,2003,1428.5723920516118
Iran,2003,1495.6004695641811
Cameroon,2003,1477.6910795857154
New Zealand,2003,1403.4224595942399
Algeria,2003,1474.6878025310432
Honduras,2003,1460.6204016563643
Kuwait,2003,1467.6745352549758
Canada,2003,1463.1231099252898
Iraq,2003,1394.7510355515024
Denmark,2003,1502.2614264409926
United Arab Emirates,2003,1433.853974634665
Costa Rica,2003,1524.0748201708761
Republic of Ireland,2003,1540.16574301254
China,2003,1515.9191678215948
Nigeria,2003,1393.8287126273867
Japan,2003,1385.9944673755874
Chinese Taipei,2003,1465.6454549054238
Saudi Arabia,2003,1403.7084694179086
Greece,2003,1416.8781398142537
South Africa,2003,1473.2145001477622
Jamaica,2003,1479.9178836152844
Croatia,2003,1615.3928363687703
Ghana,2003,1424.612292449934
Senegal,2003,1542.9689572247316
Slovenia,2003,1424.3019896601027
Ecuador,2003,1509.8991036400284
France,2006,1744.7867230975594
Mexico,2006,1488.861191183731
United States,2006,1585.897439044753
Belgium,2006,1484.616525066527
Serbia,2006,1523.9899001077279
Brazil,2006,1742.7697988216453
Romania,2006,1556.1825405640593
Peru,2006,1471.1936284642038
Argentina,2006,1582.5266663272337
Chile,2006,1435.8426530571942
Bolivia,2006,1412.9385008663708
Paraguay,2006,1507.9461652744617
Uruguay,2006,1465.8386388439164
Austria,2006,1501.664586116893
Czech Republic,2006,1494.9324028548024
Germany,2006,1743.6761774942368
Hungary,2006,1454.4475044584872
Egypt,2006,1489.346663522321
Italy,2006,1713.9461136496295
Spain,2006,1588.0907981814107
Sweden,2006,1622.0214372329594
Switzerland,2006,1506.0119203155964
Netherlands,2006,1594.2143845050596
Cuba,2006,1489.204331464637
Indonesia,2006,1478.393176990026
Norway,2006,1665.8707042230621
Poland,2006,1550.9337580747663
England,2006,1674.7913018956035
Scotland,2006,1432.2595830162343
Korea Republic,2006,1451.0256439740185
Türkiye,2006,1605.847557582203
Northern Ireland,2006,1487.2155149522216
Wales,2006,1528.545338124447
Russia,2006,1519.883890557847
Colombia,2006,1469.925547086567
Bulgaria,2006,1439.0355160022443
North Korea,2006,1460.5431100074745
Portugal,2006,1574.682825288212
Israel,2006,1508.957163304744
El Salvador,2006,1382.5571294194383
Morocco,2006,1474.174329822541
East Germany,2006,1517.058651562202
Australia,2006,1382.8342583822962
Congo DR,2006,1423.0459650708115
Haiti,2006,1429.3627533259173
Tunisia,2006,1394.3418599221557
Iran,2006,1452.3003246384972
Cameroon,2006,1477.6910795857154
New Zealand,2006,1403.4224595942399
Algeria,2006,1474.6878025310432
Honduras,2006,1460.6204016563643
Kuwait,2006,1467.6745352549758
Canada,2006,1463.1231099252898
Iraq,2006,1394.7510355515024
Denmark,2006,1502.2614264409926
United Arab Emirates,2006,1433.853974634665
Costa Rica,2006,1460.293155198336
Republic of Ireland,2006,1540.16574301254
China,2006,1515.9191678215948
Nigeria,2006,1393.8287126273867
Japan,2006,1363.8083741184023
Chinese Taipei,2006,1465.6454549054238
Saudi Arabia,2006,1361.9174783423796
Greece,2006,1416.8781398142537
South Africa,2006,1473.2145001477622
Jamaica,2006,1479.9178836152844
Croatia,2006,1569.985406788194
Ghana,2006,1493.504784894109
Senegal,2006,1542.9689572247316
Slovenia,2006,1424.3019896601027
Ecuador,2006,1536.519151390377
Trinidad and Tobago,2006,1469.3341285769143
Côte d'Ivoire,2006,1493.5114451531865
Angola,2006,1483.1844617579184
Togo,2006,1407.6119339377585
Ukraine,2006,1524.8707120996107
France,2007,1744.7867230975594
Mexico,2007,1488.861191183731
United States,2007,1668.3438030367267
Belgium,2007,1484.616525066527
Serbia,2007,1523.9899001077279
Brazil,2007,1779.1805416697864
Romania,2007,1556.1825405640593
Peru,2007,1471.1936284642038
Argentina,2007,1508.8453625221011
Chile,2007,1435.8426530571942
Bolivia,2007,1412.9385008663708
Paraguay,2007,1507.9461652744617
Uruguay,2007,1465.8386388439164
Austria,2007,1501.664586116893
Czech Republic,2007,1494.9324028548024
Germany,2007,1804.1629022503741
Hungary,2007,1454.4475044584872
Egypt,2007,1489.346663522321
Italy,2007,1713.9461136496295
Spain,2007,1588.0907981814107
Sweden,2007,1601.8349987604188
Switzerland,2007,1506.0119203155964
Netherlands,2007,1594.2143845050596
Cuba,2007,1489.204331464637
Indonesia,2007,1478.393176990026
Norway,2007,1625.936836123057
Poland,2007,1550.9337580747663
England,2007,1645.5139816228145
Scotland,2007,1432.2595830162343
Korea Republic,2007,1451.0256439740185
Türkiye,2007,1605.847557582203
Northern Ireland,2007,1487.2155149522216
Wales,2007,1528.545338124447
Russia,2007,1519.883890557847
Colombia,2007,1469.925547086567
Bulgaria,2007,1439.0355160022443
North Korea,2007,1456.2459115434342
Portugal,2007,1574.682825288212
Israel,2007,1508.957163304744
El Salvador,2007,1382.5571294194383
Morocco,2007,1474.174329822541
East Germany,2007,1517.058651562202
Australia,2007,1430.8124665954433
Congo DR,2007,1423.0459650708115
Haiti,2007,1429.3627533259173
Tunisia,2007,1394.3418599221557
Iran,2007,1452.3003246384972
Cameroon,2007,1477.6910795857154
New Zealand,2007,1364.909574962842
Algeria,2007,1474.6878025310432
Honduras,2007,1460.6204016563643
Kuwait,2007,1467.6745352549758
Canada,2007,1480.843109490013
Iraq,2007,1394.7510355515024
Denmark,2007,1490.2748331794353
United Arab Emirates,2007,1433.853974634665
Costa Rica,2007,1460.293155198336
Republic of Ireland,2007,1540.16574301254
China,2007,1527.0113297586313
Nigeria,2007,1368.389063776065
Japan,2007,1425.8347665584026
Chinese Taipei,2007,1465.6454549054238
Saudi Arabia,2007,1361.9174783423796
Greece,2007,1416.8781398142537
South Africa,2007,1473.2145001477622
Jamaica,2007,1479.9178836152844
Croatia,2007,1569.985406788194
Ghana,2007,1418.6594470017335
Senegal,2007,1542.9689572247316
Slovenia,2007,1424.3019896601027
Ecuador,2007,1536.519151390377
Trinidad and Tobago,2007,1469.3341285769143
Côte d'Ivoire,2007,1493.5114451531865
Angola,2007,1483.1844617579184
Togo,2007,1407.6119339377585
Ukraine,2007,1524.8707120996107
France,2010,1625.283570768037
Mexico,2010,1490.4183734638743
United States,2010,1621.9633363086812
Belgium,2010,1484.616525066527
Serbia,2010,1503.8412478743353
Brazil,2010,1753.5032357330954
Romania,2010,1556.1825405640593
Peru,2010,1471.1936284642038
Argentina,2010,1561.9250533464442
Chile,2010,1464.7598641777302
Bolivia,2010,1412.9385008663708
Paraguay,2010,1500.648580007042
Uruguay,2010,1510.3594904291776
Austria,2010,1501.664586116893
Czech Republic,2010,1494.9324028548024
Germany,2010,1772.8308601915387
Hungary,2010,1454.4475044584872
Egypt,2010,1489.346663522321
Italy,2010,1628.6237331445604
Spain,2010,1733.3923151803167
Sweden,2010,1601.8349987604188
Switzerland,2010,1506.124394432217
Netherlands,2010,1673.3326299072135
Cuba,2010,1489.204331464637
Indonesia,2010,1478.393176990026
Norway,2010,1625.936836123057
Poland,2010,1550.9337580747663
England,2010,1631.0891555846742
Scotland,2010,1432.2595830162343
Korea Republic,2010,1437.0475164708562
Türkiye,2010,1605.847557582203
Northern Ireland,2010,1487.2155149522216
Wales,2010,1528.545338124447
Russia,2010,1519.883890557847
Colombia,2010,1469.925547086567
Bulgaria,2010,1439.0355160022443
North Korea,2010,1404.0247046266345
Portugal,2010,1575.5030984137652
Israel,2010,1508.957163304744
El Salvador,2010,1382.5571294194383
Morocco,2010,1474.174329822541
East Germany,2010,1517.058651562202
Australia,2010,1467.9756858208004
Congo DR,2010,1423.0459650708115
Haiti,2010,1429.3627533259173
Tunisia,2010,1394.3418599221557
Iran,2010,1452.3003246384972
Cameroon,2010,1394.118129129909
New Zealand,2010,1412.7631647272804
Algeria,2010,1445.1484482669537
Honduras,2010,1423.8245433522052
Kuwait,2010,1467.6745352549758
Canada,2010,1480.843109490013
Iraq,2010,1394.7510355515024
Denmark,2010,1468.7970855335898
United Arab Emirates,2010,1433.853974634665
Costa Rica,2010,1460.293155198336
Republic of Ireland,2010,1540.16574301254
China,2010,1527.0113297586313
Nigeria,2010,1339.1905693620408
Japan,2010,1497.2882153721787
Chinese Taipei,2010,1465.6454549054238
Saudi Arabia,2010,1361.9174783423796
Greece,2010,1388.2502001510156
South Africa,2010,1481.7107354033812
Jamaica,2010,1479.9178836152844
Croatia,2010,1569.985406788194
Ghana,2010,1505.577676333876
Senegal,2010,1542.9689572247316
Slovenia,2010,1449.2184285343428
Ecuador,2010,1536.519151390377
Trinidad and Tobago,2010,1469.3341285769143
Côte d'Ivoire,2010,1520.6862016898037
Angola,2010,1483.1844617579184
Togo,2010,1407.6119339377585
Ukraine,2010,1524.8707120996107
Slovakia,2010,1488.0947270085333
France,2011,1589.2411514047515
Mexico,2011,1474.1612778949293
United States,2011,1679.7034018558456
Belgium,2011,1484.616525066527
Serbia,2011,1503.8412478743353
Brazil,2011,1766.991498874504
Romania,2011,1556.1825405640593
Peru,2011,1471.1936284642038
Argentina,2011,1561.9250533464442
Chile,2011,1464.7598641777302
Bolivia,2011,1412.9385008663708
Paraguay,2011,1500.648580007042
Uruguay,2011,1510.3594904291776
Austria,2011,1501.664586116893
Czech Republic,2011,1494.9324028548024
Germany,2011,1755.2546237766942
Hungary,2011,1454.4475044584872
Egypt,2011,1489.346663522321
Italy,2011,1628.6237331445604
Spain,2011,1733.3923151803167
Sweden,2011,1668.3048527063468
Switzerland,2011,1506.124394432217
Netherlands,2011,1673.3326299072135
Cuba,2011,1489.204331464637
Indonesia,2011,1478.393176990026
Norway,2011,1592.1938594455012
Poland,2011,1550.9337580747663
England,2011,1650.1201862550092
Scotland,2011,1432.2595830162343
Korea Republic,2011,1437.0475164708562
Türkiye,2011,1605.847557582203
Northern Ireland,2011,1487.2155149522216
Wales,2011,1528.545338124447
Russia,2011,1519.883890557847
Colombia,2011,1436.8011265186512
Bulgaria,2011,1439.0355160022443
North Korea,2011,1372.9623250641534
Portugal,2011,1575.5030984137652
Israel,2011,1508.957163304744
El Salvador,2011,1382.5571294194383
Morocco,2011,1474.174329822541
East Germany,2011,1517.058651562202
Australia,2011,1507.645724526214
Congo DR,2011,1423.0459650708115
Haiti,2011,1429.3627533259173
Tunisia,2011,1394.3418599221557
Iran,2011,1452.3003246384972
Cameroon,2011,1394.118129129909
New Zealand,2011,1377.7253187646895
Algeria,2011,1445.1484482669537
Honduras,2011,1423.8245433522052
Kuwait,2011,1467.6745352549758
Canada,2011,1403.393794344899
Iraq,2011,1394.7510355515024
Denmark,2011,1468.7970855335898
United Arab Emirates,2011,1433.853974634665
Costa Rica,2011,1460.293155198336
Republic of Ireland,2011,1540.16574301254
China,2011,1527.0113297586313
Nigeria,2011,1368.860349536557
Japan,2011,1601.8382450760353
Chinese Taipei,2011,1465.6454549054238
Saudi Arabia,2011,1361.9174783423796
Greece,2011,1388.2502001510156
South Africa,2011,1481.7107354033812
Jamaica,2011,1479.9178836152844
Croatia,2011,1569.985406788194
Ghana,2011,1505.577676333876
Senegal,2011,1542.9689572247316
Slovenia,2011,1449.2184285343428
Ecuador,2011,1536.519151390377
Trinidad and Tobago,2011,1469.3341285769143
Côte d'Ivoire,2011,1520.6862016898037
Angola,2011,1483.1844617579184
Togo,2011,1407.6119339377585
Ukraine,2011,1524.8707120996107
Slovakia,2011,1488.0947270085333
Equatorial Guinea,2011,1449.6736273741099
France,2014,1614.084954408281
Mexico,2014,1547.957505483897
United States,2014,1621.9251461117346
Belgium,2014,1565.496405619758
Serbia,2014,1503.8412478743353
Brazil,2014,1676.8565155809285
Romania,2014,1556.1825405640593
Peru,2014,1471.1936284642038
Argentina,2014,1652.0833052030828
Chile,2014,1553.7106598914836
Bolivia,2014,1412.9385008663708
Paraguay,2014,1500.648580007042
Uruguay,2014,1525.1461976846522
Austria,2014,1501.664586116893
Czech Republic,2014,1494.9324028548024
Germany,2014,1850.341008921766
Hungary,2014,1454.4475044584872
Egypt,2014,1489.346663522321
Italy,2014,1572.699504348195
Spain,2014,1663.0484768108686
Sweden,2014,1668.3048527063468
Switzerland,2014,1511.1455330725148
Netherlands,2014,1755.7937275942918
Cuba,2014,1489.204331464637
Indonesia,2014,1478.393176990026
Norway,2014,1592.1938594455012
Poland,2014,1550.9337580747663
England,2014,1582.8484080477647
Scotland,2014,1432.2595830162343
Korea Republic,2014,1382.3658367518974
Türkiye,2014,1605.847557582203
Northern Ireland,2014,1487.2155149522216
Wales,2014,1528.545338124447
Russia,2014,1490.6925937876135
Colombia,2014,1541.3717552418154
Bulgaria,2014,1439.0355160022443
North Korea,2014,1372.9623250641534
Portugal,2014,1599.2345940472658
Israel,2014,1508.957163304744
El Salvador,2014,1382.5571294194383
Morocco,2014,1474.174329822541
East Germany,2014,1517.058651562202
Australia,2014,1439.9980476477945
Congo DR,2014,1423.0459650708115
Haiti,2014,1429.3627533259173
Tunisia,2014,1394.3418599221557
Iran,2014,1406.3233736492552
Cameroon,2014,1346.182853382774
New Zealand,2014,1377.7253187646895
Algeria,2014,1454.8341489511172
Honduras,2014,1354.3207800490306
Kuwait,2014,1467.6745352549758
Canada,2014,1403.393794344899
Iraq,2014,1394.7510355515024
Denmark,2014,1468.7970855335898
United Arab Emirates,2014,1433.853974634665
Costa Rica,2014,1550.5509237911424
Republic of Ireland,2014,1540.16574301254
China,2014,1527.0113297586313
Nigeria,2014,1382.6344106355828
Japan,2014,1508.9017843589859
Chinese Taipei,2014,1465.6454549054238
Saudi Arabia,2014,1361.9174783423796
Greece,2014,1440.7510910965393
South Africa,2014,1481.7107354033812
Jamaica,2014,1479.9178836152844
Croatia,2014,1540.214106875409
Ghana,2014,1490.0476817938882
Senegal,2014,1542.9689572247316
Slovenia,2014,1449.2184285343428
Ecuador,2014,1541.6485136490587
Trinidad and Tobago,2014,1469.3341285769143
Côte d'Ivoire,2014,1487.124654847988
Angola,2014,1483.1844617579184
Togo,2014,1407.6119339377585
Ukraine,2014,1524.8707120996107
Slovakia,2014,1488.0947270085333
Equatorial Guinea,2014,1449.6736273741099
Bosnia and Herzegovina,2014,1472.5548344486374
France,2015,1652.918320614515
Mexico,2015,1500.8102758316847
United States,2015,1737.4826882372665
Belgium,2015,1565.496405619758
Serbia,2015,1503.8412478743353
Brazil,2015,1674.0958509505094
Romania,2015,1556.1825405640593
Peru,2015,1471.1936284642038
Argentina,2015,1652.0833052030828
Chile,2015,1553.7106598914836
Bolivia,2015,1412.9385008663708
Paraguay,2015,1500.648580007042
Uruguay,2015,1525.1461976846522
Austria,2015,1501.664586116893
Czech Republic,2015,1494.9324028548024
Germany,2015,1749.1880022395178
Hungary,2015,1454.4475044584872
Egypt,2015,1489.346663522321
Italy,2015,1572.699504348195
Spain,2015,1586.1220630430794
Sweden,2015,1634.0940053211418
Switzerland,2015,1441.1608369107043
Netherlands,2015,1665.7500631401545
Cuba,2015,1489.204331464637
Indonesia,2015,1478.393176990026
Norway,2015,1610.7669980890746
Poland,2015,1550.9337580747663
England,2015,1683.8629916975274
Scotland,2015,1432.2595830162343
Korea Republic,2015,1416.8433861407595
Türkiye,2015,1605.847557582203
Northern Ireland,2015,1487.2155149522216
Wales,2015,1528.545338124447
Russia,2015,1490.6925937876135
Colombia,2015,1542.5426999428234
Bulgaria,2015,1439.0355160022443
North Korea,2015,1372.9623250641534
Portugal,2015,1599.2345940472658
Israel,2015,1508.957163304744
El Salvador,2015,1382.5571294194383
Morocco,2015,1474.174329822541
East Germany,2015,1517.058651562202
Australia,2015,1481.6423944935846
Congo DR,2015,1423.0459650708115
Haiti,2015,1429.3627533259173
Tunisia,2015,1394.3418599221557
Iran,2015,1406.3233736492552
Cameroon,2015,1406.0034273705999
New Zealand,2015,1400.0061860791318
Algeria,2015,1454.8341489511172
Honduras,2015,1354.3207800490306
Kuwait,2015,1467.6745352549758
Canada,2015,1459.4799638346924
Iraq,2015,1394.7510355515024
Denmark,2015,1468.7970855335898
United Arab Emirates,2015,1433.853974634665
Costa Rica,2015,1532.9044794680271
Republic of Ireland,2015,1540.16574301254
China,2015,1506.3023002136924
Nigeria,2015,1368.2654311149283
Japan,2015,1644.0180729772626
Chinese Taipei,2015,1465.6454549054238
Saudi Arabia,2015,1361.9174783423796
Greece,2015,1440.7510910965393
South Africa,2015,1481.7107354033812
Jamaica,2015,1479.9178836152844
Croatia,2015,1540.214106875409
Ghana,2015,1490.0476817938882
Senegal,2015,1542.9689572247316
Slovenia,2015,1449.2184285343428
Ecuador,2015,1447.5548033828754
Trinidad and Tobago,2015,1469.3341285769143
Côte d'Ivoire,2015,1422.1645868442122
Angola,2015,1483.1844617579184
Togo,2015,1407.6119339377585
Ukraine,2015,1524.8707120996107
Slovakia,2015,1488.0947270085333
Equatorial Guinea,2015,1449.6736273741099
Bosnia and Herzegovina,2015,1472.5548344486374
Thailand,2015,1509.4293834213886
France,2018,1749.5242670137068
Mexico,2018,1533.193829511443
United States,2018,1737.4826882372665
Belgium,2018,1699.5101796933718
Serbia,2018,1475.4955617792846
Brazil,2018,1657.7111869373812
Romania,2018,1556.1825405640593
Peru,2018,1467.5650785650919
Argentina,2018,1593.3941239277713
Chile,2018,1553.7106598914836
Bolivia,2018,1412.9385008663708
Paraguay,2018,1500.648580007042
Uruguay,2018,1576.9721278454226
Austria,2018,1501.664586116893
Czech Republic,2018,1494.9324028548024
Germany,2018,1666.3518368378288
Hungary,2018,1454.4475044584872
Egypt,2018,1406.4334694150057
Italy,2018,1572.699504348195
Spain,2018,1585.185221604268
Sweden,2018,1631.5072423921367
Switzerland,2018,1486.4915673177347
Netherlands,2018,1665.7500631401545
Cuba,2018,1489.204331464637
Indonesia,2018,1478.393176990026
Norway,2018,1610.7669980890746
Poland,2018,1523.8270480208569
England,2018,1651.7974754565057
Scotland,2018,1432.2595830162343
Korea Republic,2018,1429.8727049112406
Türkiye,2018,1605.847557582203
Northern Ireland,2018,1487.2155149522216
Wales,2018,1528.545338124447
Russia,2018,1517.6850296381872
Colombia,2018,1590.1600063746523
Bulgaria,2018,1439.0355160022443
North Korea,2018,1372.9623250641534
Portugal,2018,1572.1034973780966
Israel,2018,1508.957163304744
El Salvador,2018,1382.5571294194383
Morocco,2018,1440.7165191442252
East Germany,2018,1517.058651562202
Australia,2018,1439.6803328284004
Congo DR,2018,1423.0459650708115
Haiti,2018,1429.3627533259173
Tunisia,2018,1416.1983297574197
Iran,2018,1430.2656947542127
Cameroon,2018,1406.0034273705999
New Zealand,2018,1400.0061860791318
Algeria,2018,1454.8341489511172
Honduras,2018,1354.3207800490306
Kuwait,2018,1467.6745352549758
Canada,2018,1459.4799638346924
Iraq,2018,1394.7510355515024
Denmark,2018,1519.4668000354861
United Arab Emirates,2018,1433.853974634665
Costa Rica,2018,1491.7174096720742
Republic of Ireland,2018,1540.16574301254
China,2018,1506.3023002136924
Nigeria,2018,1371.1610204508438
Japan,2018,1589.2193237199128
Chinese Taipei,2018,1465.6454549054238
Saudi Arabia,2018,1370.271269053238
Greece,2018,1440.7510910965393
South Africa,2018,1481.7107354033812
Jamaica,2018,1479.9178836152844
Croatia,2018,1623.0791623198493
Ghana,2018,1490.0476817938882
Senegal,2018,1555.152038801217
Slovenia,2018,1449.2184285343428
Ecuador,2018,1447.5548033828754
Trinidad and Tobago,2018,1469.3341285769143
Côte d'Ivoire,2018,1422.1645868442122
Angola,2018,1483.1844617579184
Togo,2018,1407.6119339377585
Ukraine,2018,1524.8707120996107
Slovakia,2018,1488.0947270085333
Equatorial Guinea,2018,1449.6736273741099
Bosnia and Herzegovina,2018,1472.5548344486374
Thailand,2018,1509.4293834213886
Iceland,2018,1454.4252483707478
Panama,2018,1429.0397928665125
France,2019,1753.3944065234277
Mexico,2019,1533.193829511443
United States,2019,1887.498255313859
Belgium,2019,1699.5101796933718
Serbia,2019,1475.4955617792846
Brazil,2019,1650.1766387641137
Romania,2019,1556.1825405640593
Peru,2019,1467.5650785650919
Argentina,2019,1563.9349000830985
Chile,2019,1550.268711411509
Bolivia,2019,1412.9385008663708
Paraguay,2019,1500.648580007042
Uruguay,2019,1576.9721278454226
Austria,2019,1501.664586116893
Czech Republic,2019,1494.9324028548024
Germany,2019,1671.785487671609
Hungary,2019,1454.4475044584872
Egypt,2019,1406.4334694150057
Italy,2019,1576.0982944937502
Spain,2019,1565.8564195299477
Sweden,2019,1719.3610418127005
Switzerland,2019,1486.4915673177347
Netherlands,2019,1744.7984986041033
Cuba,2019,1489.204331464637
Indonesia,2019,1478.393176990026
Norway,2019,1579.714558224802
Poland,2019,1523.8270480208569
England,2019,1672.5942579305806
Scotland,2019,1418.4569665913461
Korea Republic,2019,1377.297250862588
Türkiye,2019,1605.847557582203
Northern Ireland,2019,1487.2155149522216
Wales,2019,1528.545338124447
Russia,2019,1517.6850296381872
Colombia,2019,1590.1600063746523
Bulgaria,2019,1439.0355160022443
North Korea,2019,1372.9623250641534
Portugal,2019,1572.1034973780966
Israel,2019,1508.957163304744
El Salvador,2019,1382.5571294194383
Morocco,2019,1440.7165191442252
East Germany,2019,1517.058651562202
Australia,2019,1510.1323188926758
Congo DR,2019,1423.0459650708115
Haiti,2019,1429.3627533259173
Tunisia,2019,1416.1983297574197
Iran,2019,1430.2656947542127
Cameroon,2019,1397.9984325587104
New Zealand,2019,1348.0364750989108
Algeria,2019,1454.8341489511172
Honduras,2019,1354.3207800490306
Kuwait,2019,1467.6745352549758
Canada,2019,1471.634520024894
Iraq,2019,1394.7510355515024
Denmark,2019,1519.4668000354861
United Arab Emirates,2019,1433.853974634665
Costa Rica,2019,1491.7174096720742
Republic of Ireland,2019,1540.16574301254
China,2019,1510.3701134049554
Nigeria,2019,1375.5694497403385
Japan,2019,1562.3743432477
Chinese Taipei,2019,1465.6454549054238
Saudi Arabia,2019,1370.271269053238
Greece,2019,1440.7510910965393
South Africa,2019,1414.4107535298356
Jamaica,2019,1405.0331822397234
Croatia,2019,1623.0791623198493
Ghana,2019,1490.0476817938882
Senegal,2019,1555.152038801217
Slovenia,2019,1449.2184285343428
Ecuador,2019,1447.5548033828754
Trinidad and Tobago,2019,1469.3341285769143
Côte d'Ivoire,2019,1422.1645868442122
Angola,2019,1483.1844617579184
Togo,2019,1407.6119339377585
Ukraine,2019,1524.8707120996107
Slovakia,2019,1488.0947270085333
Equatorial Guinea,2019,1449.6736273741099
Bosnia and Herzegovina,2019,1472.5548344486374
Thailand,2019,1454.128836185396
Iceland,2019,1454.4252483707478
Panama,2019,1429.0397928665125
France,2022,1770.336249821084
Mexico,2022,1532.0792934615215
United States,2022,1832.9717863736057
Belgium,2022,1660.362922200342
Serbia,2022,1430.301650806769
Brazil,2022,1642.506801605044
Romania,2022,1556.1825405640593
Peru,2022,1467.5650785650919
Argentina,2022,1640.2163298733915
Chile,2022,1550.268711411509
Bolivia,2022,1412.9385008663708
Paraguay,2022,1500.648580007042
Uruguay,2022,1572.8296419548735
Austria,2022,1501.664586116893
Czech Republic,2022,1494.9324028548024
Germany,2022,1659.8112639585443
Hungary,2022,1454.4475044584872
Egypt,2022,1406.4334694150057
Italy,2022,1576.0982944937502
Spain,2022,1561.1250054617035
Sweden,2022,1719.3610418127005
Switzerland,2022,1508.422509899341
Netherlands,2022,1759.465809636842
Cuba,2022,1489.204331464637
Indonesia,2022,1478.393176990026
Norway,2022,1579.714558224802
Poland,2022,1498.7815683019587
England,2022,1685.6359221081
Scotland,2022,1418.4569665913461
Korea Republic,2022,1399.4410418807995
Türkiye,2022,1605.847557582203
Northern Ireland,2022,1487.2155149522216
Wales,2022,1483.8421902693165
Russia,2022,1517.6850296381872
Colombia,2022,1590.1600063746523
Bulgaria,2022,1439.0355160022443
North Korea,2022,1372.9623250641534
Portugal,2022,1557.7877231103826
Israel,2022,1508.957163304744
El Salvador,2022,1382.5571294194383
Morocco,2022,1528.3269395548275
East Germany,2022,1517.058651562202
Australia,2022,1534.0248828836006
Congo DR,2022,1423.0459650708115
Haiti,2022,1429.3627533259173
Tunisia,2022,1448.9095889212351
Iran,2022,1460.6275739277205
Cameroon,2022,1426.2811618613232
New Zealand,2022,1348.0364750989108
Algeria,2022,1454.8341489511172
Honduras,2022,1354.3207800490306
Kuwait,2022,1467.6745352549758
Canada,2022,1417.9615677548904
Iraq,2022,1394.7510355515024
Denmark,2022,1478.226681779881
United Arab Emirates,2022,1433.853974634665
Costa Rica,2022,1493.7953587804889
Republic of Ireland,2022,1540.16574301254
China,2022,1510.3701134049554
Nigeria,2022,1375.5694497403385
Japan,2022,1578.5317144954345
Chinese Taipei,2022,1465.6454549054238
Saudi Arabia,2022,1376.7692172888703
Greece,2022,1440.7510910965393
South Africa,2022,1414.4107535298356
Jamaica,2022,1405.0331822397234
Croatia,2022,1614.6813043161512
Ghana,2022,1470.5864749526368
Senegal,2022,1585.335664120465
Slovenia,2022,1449.2184285343428
Ecuador,2022,1479.5985359821507
Trinidad and Tobago,2022,1469.3341285769143
Côte d'Ivoire,2022,1422.1645868442122
Angola,2022,1483.1844617579184
Togo,2022,1407.6119339377585
Ukraine,2022,1524.8707120996107
Slovakia,2022,1488.0947270085333
Equatorial Guinea,2022,1449.6736273741099
Bosnia and Herzegovina,2022,1472.5548344486374
Thailand,2022,1454.128836185396
Iceland,2022,1454.4252483707478
Panama,2022,1429.0397928665125
Qatar,2022,1420.5102110491557
