player_name,adversity_score
Aaron Goodwin,0.3677553191489362
Aaron Metcalfe,0.2778617021276595
Aaron Souttar,0.5106595744680851
Aaron Wright,0.5452553191489362
Abdallah El-Shenawy,0.37941111111111114
Abdelaziz Abdulla,0.2745151515151515
Abdelaziz Al-Mohannadi,0.5323106060606061
Abdelaziz Ismaeel,0.29068181818181815
Abdiel Davis,0.5285106382978724
Abdiel Martinez,0.30736170212765956
Abdiel Sanchez,0.3998404255319149
Abdulrahman Al-Hamdan,0.5043846153846154
Abdulrahman Al-Otaibi,0.39448076923076925
Abdulrahman Al-Salem,0.49957692307692314
Achraf Amellah,0.3870363636363636
Achraf Bounou,0.3606272727272727
Achraf El Yamiq,0.39261818181818187
Achraf Saiss,0.5061454545454545
Adam Kara,0.40843902439024393
Adam Toudic,0.5157317073170733
Ademola Chukwueze,0.4103875
Ademola Dessers,0.29247500000000004
Adrian Rodrigues,0.5177796610169492
Adrian Simpson,0.3894491525423729
Ahmed Abdallah,0.2786888888888889
Ahmed Al-Dosari,0.28474999999999995
Ahmed El-Sayed,0.5023777777777778
Ahmed Hussein,0.3791951219512195
Ahmed Mahmoud,0.5127424242424241
Ahmed Marmoush,0.39441111111111116
Ahmed Moutan,0.2330365853658536
Aissa Bennacer,0.5270106382978723
Aissa Dhaou,0.41519148936170214
Ajdin Jones,0.5130425531914893
Ajdin Rogic,0.49327659574468086
Ajdin Souttar,0.393627659574468
Akram Al-Ahmad,0.3692954545454544
Akram Ali,0.36490909090909096
Akram Hatem,0.502909090909091
Akram Mesa,0.2873181818181818
Aleksandar Kostic,0.5043333333333333
Aleksandar Lukic,0.3951309523809523
Aleksandar Savic,0.3859404761904761
Aleksandar Terzic,0.5239404761904762
Alessandro Udogie,0.5345283018867925
Alex Awoniyi,0.49465000000000003
Alex Chukwueze,0.29613749999999994
Alex Ekong,0.504375
Alexander Abubakari,0.3987111111111111
Alexander Ekdal,0.5466944444444444
Alexander Hiljemark,0.5286805555555556
Alexander Hohberg,0.40076041666666673
Alexander Issahaku,0.3709555555555556
Alexander Lindelof,0.5402083333333333
Alexander Ndicka,0.511625
Alexis Almada,0.4997058823529411
Alexis Lasarte,0.35659459459459475
Alexis Pulgar,0.501554054054054
Alexis Valdivia,0.38155405405405407
Alexis Vidal,0.5111621621621621
Ali Abdelaziz,0.4962878787878787
Ali Al-Buraikan,0.2641634615384615
Ali Al-Ghannam,0.38775000000000004
Ali Al-Timimi,0.3793170731707316
Ali Ali,0.26796969696969697
Ali Dhaou,0.27014893617021274
Ali Dhaouadi,0.5181808510638298
Ali Hussein,0.5335853658536586
Ali Melki,0.5055106382978722
Ali Mohanad,0.5598292682926829
Ali Talbi,0.4118404255319149
Alireza Hosseini,0.5383289473684211
Alireza Nourollahi,0.2799605263157895
Alireza Rezaeian,0.505578947368421
Alireza Shojaei,0.5348947368421053
Alisson Oliveira,0.532088888888889
Alisson Reis,0.5127777777777778
Alistair Eustaquio,0.3950104166666667
Alistair Fraser,0.5421875
Alistair Piette,0.4938541666666667
Almoez Al-Attiyah,0.38389393939393945
Almoez Al-Mohannadi,0.532219696969697
Almoez Boudiaf,0.2695151515151515
Almoez Muntari,0.3831969696969698
Alphonso David,0.26516666666666666
Alphonso Johnston,0.38626041666666666
Alphonso Piette,0.3935729166666666
Alphonso Wotherspoon,0.36763541666666666
Alvaro Gavi,0.3861
Alvaro Llorente,0.2960666666666667
Alvaro Oyarzabal,0.397011111111111
Alvas Holness,0.2936610169491526
Amir Adnan,0.40246341463414637
Amir Majeed,0.4187439024390244
Amir Younis,0.5383902439024391
Amr Afsha,0.39317777777777774
Amr Marmoush,0.49829999999999997
Andre Anguissa,0.48702272727272733
Andre Antonio,0.37962711864406773
Andre Bassogog,0.2801818181818182
Andre Johnson,0.39938135593220336
Andre Kudus,0.4091
Andre Kunde,0.29422727272727267
Andre Nkoulou,0.39150000000000007
Andre Osabutey,0.2938777777777779
Andre Partey,0.3908666666666667
Andre Ricketts,0.3997203389830508
Andreas Hojbjerg,0.3845930232558139
Andreas Lindstrom,0.3973604651162791
Andreas Vestergaard,0.536093023255814
Andrej Bajkovic,0.2989081632653061
Andrej Sutalo,0.5158061224489796
Andrew Adams,0.247295918367347
Andrew Ferguson,0.3104489795918367
Andrew Jack,0.3646530612244898
Andrew McTominay,0.3768775510204082
Andrija Gudelj,0.4990476190476191
Andriy Bolbat,0.5445263157894736
Andriy Bushchan,0.3785263157894737
Andriy Dovbyk,0.5026315789473683
Andriy Zinchenko,0.4900657894736843
André Advincula,0.3770520833333333
André Gonzalez,0.49275
André Yotun,0.39064583333333336
Angel Caicedo,0.5405425531914894
Angel Di Maria,0.37849999999999995
Angel Garay,0.2891029411764705
Angel Gonzalez,0.3660441176470588
Angel Intriago,0.5473510638297873
Angel Plata,0.39792553191489366
Anibal Barcenas,0.3904042553191489
Anibal Perez,0.2131382978723404
Anibal Rodriguez,0.37587234042553197
Anibal Sanchez,0.23498936170212759
Ansu Alba,0.3132666666666667
Ansu Fati,0.5003222222222222
Ansu Le Normand,0.5314333333333333
Ante Budimir,0.23593877551020415
Antoine Kounde,0.26841176470588235
Antoine Mukiele,0.490220588235294
Antoine Saliba,0.37117647058823533
Antoine Tchouameni,0.2810588235294118
Antonee Adams,0.5196447368421053
Antonee Carter-Vickers,0.4899210526315789
Antonee Horvath,0.3584078947368421
Antonio Fulle,0.49683823529411764
Antonio Gnabry,0.5004117647058823
Antonio Havertz,0.5477941176470589
Ao Mori,0.5404861111111112
Ao Shiotani,0.5345555555555556
Arkadiusz Dawidowicz,0.5031410256410256
Arkadiusz Puchacz,0.5043076923076923
Arkadiusz Zielinski,0.4876538461538462
Armando Cooper,0.4999787234042553
Armando Cummings,0.4978404255319149
Armando Torres,0.538468085106383
Artem Bolbat,0.5202500000000001
Artem Lunin,0.5256052631578947
Artem Tsygankov,0.48213157894736836
Arturo Aranguiz,0.4812972972972973
Arturo Brereton,0.38020270270270273
Arturo Fuentes,0.3916621621621621
Arturo Riquelme,0.5498243243243244
Aurelien Griezmann,0.5439117647058824
Aurelien Rabiot,0.3520441176470588
Aurelien Thuram,0.4029705882352941
Awer Tilio,0.5437340425531915
Awer Vukovic,0.3736063829787234
Axel Bakayoko,0.48777450980392156
Axel Lammens,0.3813725490196078
Ayase Kubo,0.3804861111111112
Ayase Suzuki,0.5163333333333334
Aymen Adnan,0.2975365853658536
Aymen Al-Khafaji,0.3598414634146342
Aymen Attwan,0.5126585365853659
Aymen Kasid,0.28498780487804876
Aymeric Yamal,0.49368888888888884
Azizbek Sattorov,0.4027613636363637
Azizbek Yusupov,0.49884090909090906
Azzedine Riad,0.38332727272727274
Ben Castillo,0.5337162162162162
Ben Sierralta,0.3878918918918919
Ben Vidal,0.5280270270270271
Bernardo Conceicao,0.5392906976744186
Bernardo Felix,0.5501279069767442
Bernardo Pepe,0.28216279069767436
Bernardo Santos,0.3758953488372093
Bobby Hector,0.30007627118644065
Bobby Lambert,0.49030508474576273
Bobby Lawrence,0.5119491525423729
Bobby Rodrigues,0.5237796610169492
Bobir Eshmurodov,0.37680681818181827
Bobir Rashidov,0.5138977272727272
Boualem Ali,0.4067272727272727
Boualem Hasan,0.4887954545454546
Boualem Moez,0.36875757575757573
Boulaye Diouf,0.4961842105263158
Boulaye Mendy,0.3913552631578948
Boulaye Niang,0.2728947368421052
Brenden McKennie,0.3627631578947369
Brenden Pepi,0.38438157894736846
Bruno Cancelo,0.38712790697674426
Bruno Leao,0.4957325581395349
Bruno Lima,0.28723333333333334
Bruno Taremi,0.514593023255814
Bruno Vitinha,0.5229999999999999
Bryan Duarte,0.2978695652173913
Bryan Leiton,0.24306521739130427
Bryan Matarrita,0.5379782608695651
Bryan Vargas,0.3882934782608696
Bukayo Alexander-Arnold,0.50075
Bukayo Bellingham,0.5453295454545455
Bukayo Ramsdale,0.39434090909090913
Burak Cengiz,0.5511199999999999
Burak Soyuncu,0.29141000000000006
Burak Tufan,0.5329699999999999
Caglar Abdul,0.5005599999999999
Caglar Guler,0.39980000000000004
Caglar Under,0.4948
Callum Christie,0.2922244897959183
Callum McTominay,0.36618367346938774
Calvin Ejuke,0.40780000000000005
Calvin Okafor,0.48011249999999994
Calvin Sanusi,0.30974999999999997
Casemiro Alexandre,0.3885222222222222
Casemiro Carvalho,0.49841111111111114
Casemiro Martins,0.3937333333333334
Celso Campbell,0.29125
Celso Tejeda,0.39875000000000005
Celso Zuniga,0.5319673913043478
Cengiz Gonul,0.39809000000000005
Cengiz Kahveci,0.5089
Cengiz Muldur,0.54318
Cengiz Soyuncu,0.38273999999999997
Cesar Rodriguez,0.3249893617021278
Cesar Rojas,0.2511914893617021
Christian Cueva,0.3894375
Christian Hojbjerg,0.5376627906976744
Christian Horvath,0.3794736842105263
Christian Maehle,0.4011744186046511
Christian McKennie,0.4958289473684211
Christian Robinson,0.5277631578947368
Christian Sargent,0.3546315789473685
Christian Skov,0.4134302325581395
Christian Urruti,0.3835729166666667
Christian Valera,0.5039374999999999
Christian Wass,0.5428488372093023
Ciro Colpani,0.31674528301886784
Ciro Immobile,0.49475471698113216
Ciro Spinazzola,0.5391037735849056
Claudio Pavez,0.49845945945945946
Cody Blind,0.5343240740740741
Cody Dumfries,0.39475925925925925
Cody Lang,0.29294444444444434
Cody de Jong,0.27954629629629635
Craig Borges,0.5382978723404255
Craig Mooy,0.5545425531914894
Cristiano Eustaquio,0.37787209302325575
Cristiano Fernandes,0.498
Cristiano Jota,0.5374418604651162
Cristiano Palhinha,0.3711511627906977
Cyle Borjan,0.39788541666666677
Cyle Buchanan,0.52675
Cyle James,0.4984791666666667
Cyle Waterman,0.3715625
Daichi Asano,0.5661388888888889
Daichi Doan,0.39536111111111116
Daichi Hashioka,0.29113888888888884
Daichi Kubo,0.37597222222222215
Daley Berghuis,0.5280092592592592
Daley Frimpong,0.26529629629629625
Daley Gakpo,0.39094444444444454
Damion Bishop,0.40563559322033893
Damion Gray,0.39450847457627125
Damion Marshall,0.3657542372881356
Dani Garcia,0.49950000000000006
Dani Gavi,0.30184444444444447
Daniel Lens,0.5145222222222221
Daniel Partey,0.30781111111111104
David Laimer,0.48878787878787877
David Lucumi,0.2720869565217392
David Muhl,0.37681818181818183
David Sabitzer,0.3686060606060606
David Ulmer,0.24528787878787883
Davinson Borja,0.3932717391304348
Davinson Mina,0.30730434782608695
Davinson Villa,0.3860869565217391
Declan Saka,0.36743181818181825
Declan Trippier,0.2889090909090909
Declan Watkins,0.5451590909090909
Dejan Augustinsson,0.4971527777777778
Dejan Gustafson,0.49675
Dejan Isak,0.36483333333333334
Dejan Wahlqvist,0.5338611111111111
Denzel Malen,0.39613888888888893
Denzel Zerrouki,0.5191574074074075
Diego Cavani,0.5232000000000001
Diego Lainez,0.4862375
Diego Molina,0.5584361702127659
Diego Pacho,0.2692127659574467
Diego Romo,0.40302499999999997
Diego Vega,0.4972249999999999
Diego Vina,0.3852444444444444
Diogo Eustaquio,0.5182790697674419
Diogo Leao,0.381139534883721
Diogo Semedo,0.5080348837209302
Dmytro Kovalenko,0.5045657894736841
Dmytro Zinchenko,0.4013157894736843
Dominik Juranovic,0.3900510204081633
Dominik Kljulanovic,0.388
Dominik Kramaric,0.2362959183673471
Dostonbek Abdurakhmanov,0.3821363636363636
Dostonbek Kenjayev,0.5387500000000001
Dostonbek Kobilov,0.492284090909091
Dusan Gudelj,0.5508809523809524
Dusan Jevtovic,0.3883809523809524
Dusan Milinkovic-Savic,0.5019285714285713
Dusan Mitrovic,0.5338928571428572
Dusan Radonjic,0.5162142857142857
Dusan Terzic,0.4818928571428571
Dusan Zivkovic,0.22327380952380949
Duvan Cuadrado,0.3632282608695653
Duvan Lerma,0.5469239130434782
Duvan Rios,0.3997608695652173
Duvan Tesillo,0.5214782608695652
Dylan Hamdi,0.5002127659574468
Dylan Msakni,0.4948617021276597
Eden Castagne,0.5219901960784313
Eden De Ketelaere,0.395235294117647
Eden Dendoncker,0.546156862745098
Eden Lammens,0.4927450980392156
Edinson Gimenez,0.5022888888888889
Edinson Nandez,0.3022111111111111
Edinson Torres,0.37911111111111107
Edinson Ugarte,0.48683333333333334
Edouard Cisse,0.37349999999999994
Edouard Koulibaly,0.524671052631579
Edouard Ndiaye,0.38525
Edson Layun,0.3750375
Edson Lozano,0.4054375
Edson Martinez,0.49916250000000006
Eduardo Olise,0.49779411764705883
Eduardo Sissoko,0.49205882352941177
Eduardo Tchouameni,0.4946176470588235
Ehsan Gholizadeh,0.32147368421052636
Ehsan Hosseini,0.4013815789473685
Ehsan Moradi,0.4816578947368422
Eldor Hamrobekov,0.5125795454545454
Eldor Kenjayev,0.39246590909090917
Eldor Miralimov,0.27847727272727274
Eldor Rashidov,0.38105681818181825
Ellyes Msaad,0.5028829787234042
Ellyes Msakni,0.5006914893617022
Ellyes Sliti,0.49325531914893617
Emil Berg,0.38398611111111114
Emil Garcia,0.3871111111111111
Emil Ljungberg,0.2762916666666666
Emil Olsson,0.5366249999999999
Emiliano Acuna,0.38111764705882356
Emiliano Balerdi,0.5438235294117647
Emiliano Di Maria,0.5001323529411765
Emiliano Mac Allister,0.4068676470588235
Enes Celik,0.38221000000000005
Enes Gonul,0.27979
Enes Turan,0.39438000000000006
Enner Caicedo,0.3865957446808511
Enner Hincapie,0.28158510638297873
Enner Ibarra,0.4926170212765958
Enner Zapata,0.49184042553191487
Eric Aboubakar,0.5509204545454546
Eric Aguilar,0.5346702127659575
Eric Mba,0.22906818181818178
Eric Ndip,0.5507613636363636
Eric Ortiz,0.487563829787234
Eric Rodriguez,0.2916808510638298
Eric Zambo,0.5001931818181818
Erick Brereton,0.5192297297297297
Erick Mena,0.3857432432432433
Erick Valdivia,0.5361756756756757
Evidence Zungu,0.2907857142857142
Fabian Ndoye,0.5489571428571429
Fabian Pfannenstiel,0.5094142857142858
Federico Bentancur,0.2867333333333333
Federico Berardi,0.2907735849056604
Federico Caceres,0.39831111111111117
Federico Coates,0.5402444444444444
Federico Colpani,0.3107830188679246
Federico Pellegrini,0.38519811320754715
Federico Tonali,0.5334056603773585
Federico Trezeguet,0.28951111111111116
Felix Caicedo,0.3938510638297873
Felix Rodriguez,0.393031914893617
Ferland Seck,0.5025
Ferland Sow,0.3658947368421053
Ferran Cubarsi,0.4021111111111111
Ferran Morata,0.3944333333333333
Ferran Pau,0.5422111111111112
Filip Daka,0.533986111111111
Filip Grujic,0.3762619047619047
Filip Maksimovic,0.4840238095238095
Filip Milinkovic-Savic,0.5428571428571429
Filip Pavlovic,0.4993333333333333
Firas Al-Amri,0.4942980769230769
Firas Al-Salem,0.37802884615384613
Firas Al-Shahrani,0.5447211538461538
Firas Al-Yami,0.2844903846153847
Florian Brandt,0.5307794117647059
Florian Kick,0.3753484848484848
Florian Musiala,0.391014705882353
Florian Waldschmidt,0.24662121212121202
Francisco Aguilar,0.38533695652173916
Francisco Borges,0.5344891304347825
Francisco Wallace,0.3790217391304347
Frenkie Ake,0.24742592592592583
Frenkie Gakpo,0.3160833333333334
Frenkie Wijndal,0.29739814814814824
Frenkie de Ligt,0.49196296296296294
Gabriel Alisson,0.37813333333333343
Gabriel Junior,0.5514111111111111
Gabriel Souza,0.3655111111111111
Gary Delgado,0.37612162162162166
Gary Diaz,0.4954864864864865
Gary Isla,0.5166351351351353
Gary Villanueva,0.20764864864864863
Gavi Asensio,0.5127777777777778
Gavi Le Normand,0.2807222222222222
Gavi Morata,0.5082222222222222
Gavi Ramos,0.22045555555555552
Gianluca Advincula,0.5429895833333334
Gianluca Peña,0.22136458333333342
Gianluca Tapia,0.55953125
Gianluca Urruti,0.5009895833333333
Gianluigi Calafiori,0.2900094339622641
Gianluigi Chiesa,0.5010943396226415
Gianluigi Di Lorenzo,0.40548113207547165
Gianluigi Verratti,0.5075377358490566
Giovanni Hoppe,0.39202631578947367
Giovanni Musah,0.37490789473684205
Giovanni Tillman,0.2925
Giovanni Weah,0.5285921052631579
Gonzalo Mena,0.5076170212765958
Gonzalo Ramirez,0.3859787234042553
Gonzalo Zapata,0.5365425531914894
Graeme Doak,0.4876020408163265
Graeme Jack,0.5576938775510205
Graeme McGregor,0.499295918367347
Granit Kobal,0.2637142857142857
Granit Rodriguez,0.29021428571428576
Granit Shaqiri,0.48261428571428566
Granit Zakaria,0.49547142857142856
Grzegorz Glik,0.3892692307692307
Grzegorz Piatek,0.49750000000000005
Grzegorz Skoras,0.4909358974358975
Guillermo Almada,0.39041250000000005
Guillermo Torres,0.39422500000000005
Hakan Cengiz,0.49107
Hakan Ucar,0.36524
Hakan Under,0.54754
Hakan Yilmaz,0.53079
Hakim Aguerd,0.39105454545454554
Hakim Ezzalzouli,0.21772727272727277
Hakim Ziyech,0.22099999999999997
Hannibal Krid,0.5310744680851064
Hannibal Mathlouthi,0.5093297872340425
Hannibal Talbi,0.5297978723404255
Haris Steiner,0.3909285714285714
Harold Brown,0.3745957446808511
Harold Valenzuela,0.5447978723404255
Harry Bellingham,0.2696022727272728
Harry King,0.37649999999999995
Harry Leckie,0.22622340425531917
Harry Mooy,0.30098936170212764
Harry Phillips,0.5087727272727273
Harry Rice,0.3762386363636364
Harry Watkins,0.5579886363636364
Hassan Abdulla,0.38890909090909087
Hassan Al-Nobi,0.3979696969696971
Hassan Al-Qahtani,0.36468269230769235
Hassan Al-Zahrani,0.3873846153846153
Hassan Mahmoud,0.5431287878787878
Hassan Pedro,0.5399469696969698
Hector Vasquez,0.31671249999999995
Hee-chan Choi,0.4767058823529412
Hee-chan Hwang,0.46676470588235286
Hee-chan Kwon,0.5269558823529412
Hidajat Ghoddos,0.3198421052631579
Hidajat Hazbavi,0.2776578947368421
Hidajat Noorollahi,0.38921052631578956
Hiroki Ogawa,0.3080277777777778
Hirving Alvarez,0.5384125
Hirving Ochoa,0.5312000000000001
Hirving Pineda,0.4968
Hirving Romo,0.5314875000000001
Houssem Belkebla,0.39639024390243893
Houssem Brahimi,0.3078902439024389
Houssem Mokrani,0.22971951219512188
Husniddin Nasrullaev,0.5017386363636364
Husniddin Nematov,0.3649659090909091
Husniddin Umarov,0.37625
Hussein Ibrahim,0.38435365853658543
Hussein Sadiq,0.5069756097560976
Hwang Choi,0.3213529411764706
Hwang Oh,0.5267205882352941
Hwang Son,0.486985294117647
Ibrahim Daoud,0.5122317073170732
Ibrahim Mhawi,0.22345121951219515
Ibrahim Sadiq,0.3678902439024391
Ibrahim Taher,0.5110365853658536
Idrissa Dia,0.38434210526315793
Idrissa N'Diaye,0.27403947368421055
Idrissa Sarr,0.5320131578947368
Idrissa Seck,0.5466315789473684
In-beom Hwang,0.3752794117647059
In-beom Jung,0.5289705882352942
In-beom Seol,0.27519117647058833
Inaki Asante,0.3957777777777778
Inaki Seidu,0.3122999999999999
Inaki Williams,0.39249999999999996
Irfan Enes,0.27953000000000006
Irfan Under,0.39215
Islam Touzi,0.5100487804878049
Ismael Benlamri,0.2827682926829269
Ismael Boufantin,0.5422317073170733
Ismael Brahim,0.49382926829268303
Ismael Brahimi,0.4015365853658537
Ismaila Ba,0.2882631578947368
Ismaila Koulibaly,0.5001184210526315
Ivan Bajkovic,0.5343265306122449
Ivan Erlic,0.5490204081632652
Ivan Gvardiol,0.38896938775510204
Ivan Kramaric,0.49998979591836734
Jack Toney,0.5270454545454546
Jack White,0.3623181818181819
Jackson Baccus,0.5294361702127659
Jackson Canga,0.39695744680851064
Jackson Duke,0.5270531914893617
Jackson Kusini,0.5077340425531915
Jackson Vukovic,0.27572340425531905
Jae-sung Hwang,0.3844852941176471
Jae-sung Park,0.5228235294117647
Jae-sung Yang,0.5487794117647058
Jakub Helik,0.4933205128205128
Jakub Zielinski,0.29038461538461546
Jaloliddin Rashidov,0.26661363636363633
Jaloliddin Sobirov,0.24643181818181814
Jaloliddin Tursunov,0.3860454545454546
Jamal Goretzka,0.5361911764705882
Jamal Havertz,0.3921470588235294
Jamal Koch,0.27188235294117646
Jamal Volland,0.5226617647058823
James Mina,0.4009673913043479
James Morelos,0.28360869565217384
James Munoz,0.49619565217391304
James Ospina,0.5047717391304347
Jan Bednarek,0.5392564102564104
Jan Kozlowski,0.487448717948718
Jan Milik,0.48341025641025637
Jan Rybus,0.5128589743589744
Jannik Olsen,0.39782558139534885
Jason Theate,0.3924901960784314
Jasurbek Alijanov,0.37622727272727263
Jean Bassogog,0.286159090909091
Jean Delgado,0.37991891891891894
Jean Ondoa,0.534375
Jean Zavala,0.5414594594594595
Jefferson Chara,0.5073804347826086
Jefferson Rodriguez,0.38952173913043475
Jesus Alvarez,0.5511125
Jesus Gutierrez,0.4103625000000001
Jesus Reyes,0.24778750000000005
Joakim Christensen,0.5184302325581395
Joakim Maeland,0.5169767441860464
Joakim Skov,0.3523837209302326
Joao Felix,0.2741279069767443
Joao Neves,0.5027209302325581
Joao Taremi,0.5348837209302326
Joe Aina,0.37436250000000004
Joe Ajayi,0.49921250000000006
Joe Iwobi,0.49029999999999996
Joel Borges,0.3819021739130435
Joel Oviedo,0.5113260869565218
Joel Salas,0.553195652173913
Joel Soto,0.4180652173913044
John Armstrong,0.22217346938775506
John Bellingham,0.5013636363636365
John Clark,0.3831428571428571
John Gilmour,0.5101530612244898
John Hanley,0.5105612244897959
John Palmer,0.35631818181818176
Jonathan Adekugbe,0.37250000000000005
Jonathan Cavallini,0.38828125
Jonathan Eustaquio,0.39352083333333343
Jonathan Zator,0.5393749999999999
Jordan Baba,0.522888888888889
Jordan Issahaku,0.30327777777777787
Jordan Kasim,0.4969666666666668
Jordan Williams,0.3045888888888889
Jorge Cordova,0.508225
Jorge Lozano,0.30900000000000005
Jose Cavani,0.30579999999999996
Jose Davis,0.3908085106382978
Jose Gomez,0.2834255319148936
Jose Omar,0.29438297872340424
Jose Rodriguez,0.3796111111111111
Jose Torreira,0.43000000000000005
Jose Torres,0.381436170212766
Joshua Fulle,0.29966176470588235
Joshua Musiala,0.3791470588235295
Joshua Rudiger,0.4953823529411765
Joshua Tah,0.4904852941176471
Josko Bradaric,0.27931632653061234
Josko Brozovic,0.5108673469387754
Josko Musah,0.49972448979591844
Juan Cuadrado,0.38638043478260864
Juan Munoz,0.5088586956521739
Juan Quintero,0.5438804347826087
Jude Chilwell,0.2874545454545455
Jude Grealish,0.2670681818181818
Jude Maddison,0.5342045454545454
Jude Saka,0.48259090909090907
Julian De Paul,0.29204411764705884
Julian Dybala,0.39670588235294124
Julian Garay,0.30047058823529427
Julian Paredes,0.389779411764706
Junya Furuhashi,0.21590277777777767
Junya Kamada,0.5447222222222222
Junya Nakano,0.2705277777777778
Kai Can,0.28213235294117656
Kai Musiala,0.5452352941176472
Kai Neuer,0.4909117647058824
Kalidou Diallo,0.39709210526315786
Kalidou Faye,0.5059078947368421
Kalidou Mendy,0.3196184210526316
Kamaldeen Attiogbe,0.37478888888888884
Kamaldeen Ayew,0.5164555555555557
Kamaldeen Barnieh,0.5349222222222223
Kamil Jozwiak,0.4955897435897435
Kaoru Kamada,0.3585277777777778
Kaoru Machida,0.40531944444444445
Kaoru Shiotani,0.37402777777777774
Kaoru Yoshida,0.22061111111111098
Karim Al-Ahmad,0.37848484848484854
Karim Barsham,0.4978863636363636
Karim Boudiaf,0.5434999999999999
Karim Dejagah,0.495592105263158
Karim Nourollahi,0.4788815789473684
Karl Aboubakar,0.2958750000000001
Karl Isak,0.5469444444444445
Karl Kristoffersen,0.37093055555555554
Karl Mbeumo,0.4009999999999999
Karl Olinga,0.3940340909090909
Kasey Dickinson,0.40791525423728814
Kasey Hector,0.3062203389830509
Kasey Williams,0.49489830508474564
Kasper Cornelius,0.3821046511627907
Kasper Hojbjerg,0.5058255813953488
Keanu Duke,0.2885
Keanu McGree,0.49831914893617013
Keanu Wright,0.39589361702127657
Kevin Casteels,0.5453921568627451
Kevin Lukaku,0.4990000000000001
Kevin Saelemaekers,0.2285686274509804
Kevin Tielemans,0.3798529411764706
Keylor Aguilar,0.3915108695652174
Keylor Calvo,0.4855869565217391
Keylor Campbell,0.41905434782608697
Keylor Watson,0.47573913043478255
Kieran Dykes,0.40270408163265303
Konrad Bardi,0.40168181818181825
Konrad Posch,0.3882727272727273
Konrad Sabitzer,0.4984545454545455
Krzysztof Grosicki,0.3948717948717949
Krzysztof Milik,0.40230769230769226
Krzysztof Urbański,0.5421153846153847
Kyle Gallagher,0.5356931818181818
Kylian Camavinga,0.5065588235294118
Kylian Griezmann,0.3815735294117647
Kylian Maignan,0.4861470588235294
Kylian Olise,0.3770441176470588
Lautaro De Paul,0.38647058823529423
Lautaro Sosa,0.21626470588235291
Lautaro Tagliafico,0.5029411764705882
Lazar Grujic,0.5094047619047619
Lazar Ilic,0.368
Leander Dendoncker,0.5015294117647058
Leander Doku,0.4844313725490196
Leander Vanheusden,0.3729117647058824
Leandro Balerdi,0.5245294117647059
Leandro Pezzella,0.5459264705882353
Leon Antonio,0.47977966101694913
Leon Bishop,0.3933983050847458
Leon Gotze,0.5102058823529412
Leon Grant,0.5238389830508474
Leon Lowe,0.2994067796610169
Leon Sule,0.2775735294117646
Leroy Gotze,0.5264264705882353
Leroy Klostermann,0.5518382352941177
Leroy Schlotterbeck,0.48777941176470596
Leroy Werner,0.27108823529411763
Liam Cornelius,0.5155624999999999
Liam David,0.49001041666666667
Liam Gallagher,0.384704081632653
Liam Gilmour,0.3742142857142856
Liam Turnbull,0.5388469387755102
Lionel Alvarez,0.3901029411764706
Lionel Martinez,0.26998529411764705
Lionel Montiel,0.38594117647058823
Lionel Sosa,0.5362205882352942
Lorenzo Frascati,0.25492452830188683
Lorenzo Retegui,0.5065000000000001
Lucas Pavard,0.5149852941176472
Lucas Todibo,0.37241176470588233
Ludwig Elanga,0.20550000000000002
Ludwig Hiljemark,0.5598888888888889
Ludwig Olsson,0.26049999999999995
Luis Abram,0.2519166666666667
Luis Araujo,0.38726666666666665
Luis Cartagena,0.2649479166666666
Luis Cavani,0.47958888888888895
Luis Lapadula,0.5471666666666667
Luis Pellistri,0.37063333333333337
Luis Rodriguez,0.5357717391304349
Luis Sanchez,0.5092826086956521
Luis Sinisterra,0.5575869565217391
Luis Varela,0.5026111111111111
Luis Villa,0.5393913043478261
Luka Barisic,0.38452040816326527
Luka Kovacic,0.5327551020408163
Luka Musah,0.4064183673469387
Luka Vlasic,0.27184693877551025
Luther Maboe,0.39735714285714285
Luther Zwane,0.5005142857142857
Lyle Makgopa,0.38374285714285716
Lyle Mbatha,0.40269999999999995
Lyle Mothiba,0.3666285714285715
Lyle Mvala,0.4967285714285715
Mahmoud Ibrahim,0.3079333333333334
Mahmoud Soliman,0.25487777777777776
Manuel Pfannenstiel,0.5133285714285714
Manuel Rieder,0.3099571428571428
Manuel Seferovic,0.4981428571428572
Manuel Zuber,0.48842857142857143
Marcel Bavoli,0.39148484848484844
Marcel Dembir,0.403
Marcel Kalajdzic,0.30660606060606055
Marcel Lainer,0.3980606060606061
Marcelo Kovacic,0.5404489795918368
Marcelo Lovren,0.5343061224489796
Marcelo Petkovic,0.3952244897959184
Marco Calafiori,0.5018207547169811
Marco Carvajal,0.3006888888888889
Marco Locatelli,0.2779528301886792
Marco Mikel,0.38997777777777776
Marco Tonali,0.5318113207547169
Marcus Chilwell,0.22048863636363636
Marcus Mount,0.5490681818181817
Marcus Rashford,0.38171590909090913
Mario Ivanusec,0.5373469387755103
Mario Kovacic,0.396765306122449
Marko Baumgartlinger,0.537060606060606
Marko Borrmann,0.5192878787878789
Marko Gregoritsch,0.3903181818181818
Marko Kick,0.2191515151515151
Marquinhos Nunes,0.3907777777777778
Marquinhos Paqueta,0.38373333333333337
Marquinhos Santos,0.3827666666666666
Martin Njie,0.4040454545454546
Mat Cummins,0.3962765957446809
Mateo Brozovic,0.23179591836734692
Mateo Kljulanovic,0.5331632653061225
Mateo Pasalic,0.39753061224489794
Mateo Stanisic,0.39060204081632655
Mateusz Frankowski,0.497474358974359
Mateusz Kozlowski,0.24356410256410255
Mathew Behich,0.2369468085106382
Mathew Boyle,0.4957872340425531
Mathew Jones,0.5352553191489362
Mathew Mooy,0.5225106382978724
Matthijs Blind,0.4963981481481482
Matthijs Timber,0.5314537037037037
Matthijs Wijndal,0.5310092592592592
Mattias Karlsson,0.5516527777777778
Mattias Ljungberg,0.5294583333333334
Mauricio Isla,0.4986081081081082
Mauricio Montes,0.4933918918918919
Mauricio Riquelme,0.5029594594594595
Maximilian Baumgartlinger,0.5132575757575758
Maximilian Bavoli,0.37043939393939396
Maximilian Seiwald,0.40315151515151515
Mehdi Arefi,0.32664473684210515
Mehdi Azmoun,0.3846052631578947
Mehdi Hajsafi,0.4050789473684211
Mehdi Hazbavi,0.31877631578947374
Memphis Simons,0.2427407407407407
Memphis Zerrouki,0.23173148148148148
Memphis van Dijk,0.3735462962962963
Memphis van de Ven,0.49871296296296297
Merih Kokcu,0.37049999999999994
Merih Turan,0.4867
Merih Unal,0.5431900000000001
Merih Yildiz,0.40615
Michael Brown,0.3587765957446808
Michael Cooper,0.2743723404255318
Michael Escobar,0.5090638297872341
Michael Gonzalez,0.3763510638297872
Michail Gray,0.2993728813559322
Michail McCarey,0.4076610169491526
Michail Pinnock,0.30936440677966104
Michail Williams,0.525
Mikkel Bah,0.5333720930232558
Mikkel Hansen,0.5372093023255813
Min-jae Ji,0.2665441176470589
Min-jae Kim,0.5361323529411764
Min-jae Son,0.36697058823529405
Min-jae Song,0.4967647058823529
Mohamed Elneny,0.2768555555555555
Mohamed Gomaa,0.26897777777777776
Mohamed Hamdi,0.5039111111111111
Mohamed Hassan,0.5415666666666666
Mohamed Marmoush,0.36854444444444434
Mohamed Trezeguet,0.47716666666666674
Mohamed Wahbi,0.5400777777777779
Mohammed Al-Breik,0.38122115384615385
Mohammed Al-Hammadi,0.39241666666666664
Mohammed Al-Rubaie,0.2096634615384616
Mohammed Al-Shahrani,0.3869711538461539
Mohammed Attiogbe,0.31028888888888884
Mohammed Otoo,0.24898888888888893
Mohammed Partey,0.3967111111111111
Mohammed Sulemana,0.5360333333333334
Mohannad Al-Amiri,0.2904268292682928
Mohannad Al-Saadi,0.3053292682926829
Mohannad Hussein,0.23401219512195126
Mohannad Majeed,0.23089024390243895
Moises Mena,0.5538297872340425
Moises Minda,0.5477659574468084
Moises Pellerano,0.27973404255319134
Moises Torres,0.28093617021276596
Montassar Sassi,0.3934042553191489
Morteza Azmoun,0.5042368421052632
Morteza Karimi,0.3778289473684211
Moses Agbadou,0.499675
Moses Nwabili,0.4117375
Mostafa Attia,0.3867777777777778
Mostafa Gomaa,0.5440888888888888
Mostafa Hegazi,0.38806666666666667
Mothobi Mokoena,0.24298571428571425
Mothobi Mvala,0.5249571428571429
Mothobi Xoki,0.4744285714285713
Moumi Choupo-Moting,0.28012499999999985
Moumi Hongla,0.5401136363636364
Moussa Fall,0.3918815789473684
Mustafa Natiq,0.4000487804878048
Mykhailo Besedin,0.4895789473684211
Mykhailo Kryvtsov,0.5033157894736842
Mykhailo Sudakov,0.2219210526315788
Mykhailo Zabarnyi,0.20989473684210536
Nabil Bennacer,0.5437560975609756
Nabil Khezami,0.4954024390243902
Nader Chalali,0.4977978723404255
Nader Haddadi,0.29861702127659584
Nader Skhiri,0.5418510638297873
Nahitan Canobbio,0.37174444444444443
Nahuel Alvarez,0.5272941176470589
Nahuel Correa,0.37098529411764714
Nayef Boufal,0.5060909090909091
Nayef Chibi,0.5341363636363636
Nayef Saibari,0.5070454545454546
Nayef Ziyech,0.5471727272727274
Nemanja Jevtovic,0.23677380952380944
Nemanja Lazovic,0.27023809523809517
Nemanja Savic,0.39276190476190476
Neymar Carvalho,0.5328222222222221
Neymar Junior,0.4896111111111111
Neymar Mendes,0.5411555555555556
Neymar Pereira,0.5442555555555555
Nico Ginter,0.3068676470588235
Nico Schlotterbeck,0.38917647058823523
Nico Volland,0.2950294117647059
Nicolas Anguissa,0.5078636363636363
Nicolas Mba,0.4871249999999999
Nicolas Siani,0.5532727272727274
Nicolo Bastoni,0.5047169811320755
Nicolo Immobile,0.5025566037735849
Nicolo Retegui,0.5247830188679246
Nicolo Vicario,0.4957169811320754
Noussair Chibi,0.5338727272727273
Noussair El Khannouss,0.4982545454545455
Oleksandr Bondarenko,0.377578947368421
Oleksandr Shaparenko,0.39586842105263154
Oleksandr Sydorchuk,0.385
Oleksandr Tsygankov,0.5185263157894737
Oleksiy Sobol,0.5040131578947369
Olivier Badiashile,0.39688235294117646
Omar Elsaid,0.5067444444444444
Omar Hegazi,0.3842777777777777
Omar Koka,0.5273777777777777
Omar Wahbi,0.5450777777777778
Orkun Bayindir,0.52999
Oscar Campbell,0.5300869565217392
Oscar Chacon,0.5273260869565217
Osman Mensah,0.5241777777777779
Otabek Karimov,0.5169999999999999
Otabek Nasrullaev,0.3659886363636363
Otabek Sattorov,0.5298522727272728
Otabek Yoldoshev,0.37556818181818175
Ousmane Hernandez,0.3838088235294117
Ousmane Konate,0.5356470588235294
Ousmane Todibo,0.3721323529411765
Ousmane Upamecano,0.5141764705882353
Paolo Carrillo,0.5484583333333333
Paolo Flores,0.5327291666666667
Paolo Gonzalez,0.279
Paolo Lapadula,0.39808333333333334
Pape Faye,0.5337236842105263
Pape Gomis,0.28981578947368414
Pape Sarr,0.22356578947368422
Patrick Alvarado,0.5104782608695653
Patrick Vargas,0.2434673913043478
Paulo Albornoz,0.36783783783783786
Paulo Vidal,0.35945945945945934
Pedro Callens,0.5569166666666666
Pedro Cubarsi,0.5427
Pedro Cueva,0.5365520833333333
Pedro Garcia,0.5106041666666666
Pedro Gavi,0.5440555555555555
Pedro Lliuya,0.5093020833333333
Pedro Neto,0.40289534883720934
Pedro Pepe,0.511046511627907
Pedro Riquelme,0.5061
Pedro Torres,0.38880000000000003
Pepe Carvalho,0.23375581395348832
Percy Lorch,0.3695142857142857
Percy Mkhize,0.5043857142857142
Percy Williams,0.4940285714285715
Percy Zwane,0.49774285714285715
Pervis Gruezo,0.5464468085106383
Pervis Molina,0.4851382978723404
Pervis Palacios,0.3687446808510638
Pervis Preciado,0.3786276595744681
Phil Eze,0.38951136363636363
Phil Rashford,0.4877954545454546
Phil Walker,0.5318522727272728
Phil White,0.2614090909090909
Philipp Friedl,0.37775757575757574
Pierre-Emile Christensen,0.5152616279069766
Pierre-Emile Damsgaard,0.404139534883721
Pierre-Emile Laursen,0.4966279069767442
Piotr Cash,0.2692051282051281
Piotr Glik,0.4786025641025641
Piotr Szymanski,0.41000000000000003
Piotr Urbański,0.5421153846153847
Radamel Cuesta,0.37756521739130433
Radamel Rios,0.26952173913043476
Rafael Antonio,0.29040697674418614
Rafael Fernandes,0.5191511627906976
Rafael Guedes,0.4091744186046512
Ramin Moharrami,0.4885131578947369
Ramiz Boufantin,0.22660975609756095
Ramiz Mandrea,0.4091829268292684
Ramiz Slimani,0.5499268292682926
Randal Brenes,0.5244021739130434
Randal Diarra,0.5174117647058825
Randal Duarte,0.3061739130434782
Randal Griezmann,0.26813235294117643
Randal Salas,0.5355326086956522
Rasmus Andersen,0.3032093023255814
Rasmus Laursen,0.27723255813953496
Rasmus Wind,0.40389534883720923
Raul Antuna,0.40570000000000006
Raul Herrera,0.3947749999999999
Raul Lainez,0.24086249999999998
Raul Torres,0.22743750000000007
Remo Jashari,0.37964285714285706
Remo Shaqiri,0.5440714285714285
Renato Lliuya,0.38397916666666665
Renato Traverso,0.2865520833333334
Ricardo Kobal,0.4946571428571428
Ricardo Mbabu,0.42027142857142863
Ricardo Sommer,0.40377142857142856
Richarlison Ferreira,0.2784
Richarlison Junior,0.30143333333333344
Richie Bomba,0.2982604166666667
Ritsu Endo,0.40361111111111114
Ritsu Hashioka,0.3779583333333333
Ritsu Ito,0.5592638888888889
Riyad Bennacer,0.4195243902439024
Riyad Benrahma,0.29939024390243896
Riyad Bensebaini,0.38862195121951215
Riyad Mokrani,0.4860243902439024
Robert Krychowiak,0.37235897435897436
Robert Skoras,0.40432051282051296
Robert Swierczok,0.37196153846153845
Robert Zielinski,0.5569102564102565
Robin Björkman,0.2899722222222222
Robin Lindelof,0.5428333333333333
Robin Wahlqvist,0.3867777777777778
Rodri Alonso,0.4997555555555555
Rodri Fati,0.5317444444444445
Rodri Laporte,0.3930666666666667
Rodri Mikel,0.39888888888888885
Rodrigo Alvarez,0.5042352941176471
Rodrigo Fernandez,0.19304411764705887
Rodrigo Lo Celso,0.2781470588235294
Rodrigo Olivera,0.37154444444444445
Rodrigo Trezeguet,0.5273777777777777
Rodrygo Costa,0.5392444444444444
Rodrygo Fabinho,0.5074
Rodrygo Paqueta,0.3988333333333334
Rodrygo Reis,0.4970333333333333
Romain Aboukhlal,0.2915727272727273
Romain Aguerd,0.5316727272727273
Romain Amrabat,0.4937454545454546
Romain Mazraoui,0.38399090909090905
Romelu Courtois,0.49430392156862757
Romelu Onana,0.23026470588235304
Romelu Vanheusden,0.290392156862745
Romelu Witsel,0.5007549019607843
Ronald De Arrascaeta,0.38978888888888885
Ronald Gimenez,0.4976222222222222
Ronald Haxiel,0.5062608695652175
Ronald Varela,0.5250222222222222
Ronwen Dolly,0.3251571428571428
Ronwen Mkhize,0.2681714285714285
Ronwen Mokoena,0.5381857142857143
Ruben Fernandes,0.5318837209302325
Ruben Inacio,0.36956976744186054
Ruslan Bondarenko,0.3325657894736842
Ruslan Makarenko,0.37250000000000005
Ruslan Sudakov,0.5284736842105264
Ryan Clark,0.28970408163265304
Ryan Forrest,0.5319897959183673
Sadio Diatta,0.4818684210526315
Sadio Diouf,0.2889473684210526
Sadio Koulibaly,0.24931578947368427
Sadio Sabaly,0.5442631578947368
Safaa Abbas,0.5109024390243901
Safaa Al-Khafaji,0.365390243902439
Safaa Mhawi,0.4016585365853659
Saleh Al-Abdulkarim,0.5498942307692307
Saleh Al-Ghamdi,0.4944711538461539
Saleh Al-Otaibi,0.5368653846153846
Saleh Al-Qahtani,0.22251923076923075
Salem Al-Buraikan,0.3846153846153847
Salem Al-Faraj,0.5450961538461538
Salem Al-Rubaie,0.5272788461538462
Salem Al-Tambakti,0.2661730769230769
Sam Hoilett,0.5031979166666666
Sam James,0.22745833333333332
Saman Abdollahzadeh,0.39180263157894724
Saman Azmoun,0.2797368421052632
Saman Torabi,0.2694736842105263
Samuel Choupo-Moting,0.24015909090909093
Samuel Ejuke,0.530775
Samuel Iwobi,0.5244
Samuel Moumi,0.48780681818181815
Samuel Olinga,0.28862500000000013
Samuel Simon,0.4829375
Samuel Toko-Ekambi,0.538375
Samuel Uzoho,0.2956375
Sandro Bellanova,0.308245283018868
Sandro Chiesa,0.5315188679245283
Sandro Scamacca,0.5069716981132075
Santiago Araujo,0.5510125
Santiago Corona,0.4985250000000001
Santiago Lozano,0.2980750000000001
Santiago Reyes,0.4763625
Sardar Ansarifard,0.5084473684210526
Sardar Ghoddos,0.4094210526315789
Sardar Heydari,0.3093947368421053
Sardar Moradi,0.3988421052631579
Sardor Holmatov,0.40554545454545443
Sardor Kobilov,0.5599090909090909
Sardor Nematov,0.3824090909090908
Sardor Zakirov,0.5046250000000001
Scott Gallagher,0.40433673469387754
Scott Lewis,0.4988469387755101
Scott McGregor,0.3873979591836735
Scott Patterson,0.5535
Sebastian Angulo,0.2734574468085106
Sebastian Bentancur,0.5305111111111112
Sebastian Nunez,0.5010111111111112
Sebastian Pellerano,0.2721808510638297
Sebastian Preciado,0.4988085106382979
Sebastian Torres,0.3026333333333333
Selim Benoun,0.387390909090909
Selim Saiss,0.27993636363636354
Sergej Jovic,0.29361904761904756
Sergej Milenkovic,0.5165714285714286
Sergej Mitrovic,0.3650238095238094
Sergino Busio,0.5290526315789474
Sergino Hoppe,0.4051184210526315
Sergio Lapadula,0.38330208333333327
Sergio Lora,0.3768958333333333
Seung-gyu Lee,0.5089558823529412
Shamar Antonio,0.29198305084745757
Shamar Gordon,0.3855677966101695
Simon Dolberg,0.3902558139534884
Simon Hansen,0.38516279069767445
Simon Poulsen,0.549686046511628
Simon Wind,0.543
Sofiane Bayo,0.3733658536585367
Sofiane Kara,0.504329268292683
Sofiane Mandrea,0.5009878048780487
Sofiane Zerrouki,0.5081951219512195
Sofyan Chair,0.26699090909090895
Sofyan Hakimi,0.502909090909091
Sofyan Saiss,0.5371545454545454
Son Hong,0.23424999999999996
Son Hwang,0.3858235294117647
Son Lee,0.28283823529411767
Son Seol,0.5217058823529412
Sphephelo Mbatha,0.40124285714285723
Sphephelo Moseamedi,0.3945428571428572
Stefan Hinteregger,0.4116363636363636
Stefan Lainer,0.2997575757575759
Stefan Muhl,0.5291212121212121
Stefan Mvogo,0.5385285714285715
Stefan Okafor,0.5129285714285714
Stefan Zuber,0.29941428571428574
Stephan Chiesa,0.38756603773584897
Stephan Guglielmo,0.22133018867924514
Stephen David,0.3938645833333334
Stephen Kennedy,0.2935520833333334
Stephen Miller,0.23638541666666668
Strahinja Mitrovic,0.37397619047619046
Strahinja Ristic,0.507797619047619
Stuart Hendry,0.38584693877551013
Stuart McTominay,0.2712448979591836
Stuart Shankland,0.40102040816326534
Sultan Al-Mousa,0.4996346153846153
Tajon Buchanan,0.37453125
Tajon Utoikamanu,0.3873958333333333
Tajon Zator,0.5121041666666667
Takefusa Endo,0.5123333333333333
Takefusa Hatate,0.4783611111111111
Takefusa Nakano,0.49644444444444447
Takefusa Tanaka,0.3819027777777778
Teboho Billiat,0.40015714285714277
Teboho Maela,0.4133285714285715
Teboho Zwane,0.4072
Terem Bassey,0.407575
Teun Gakpo,0.5382407407407408
Teun Gravenberch,0.22675
Themba Mdantsane,0.5346714285714287
Themba Mokoena,0.4238714285714287
Themba Sithole,0.278
Themba Xoki,0.2837857142857143
Theo Hernandez,0.5080735294117648
Theo Mukiele,0.37173529411764716
Theo Varane,0.28125
Thibaut Faes,0.3882450980392157
Thibaut Lukaku,0.3654215686274509
Thibaut Vertonghen,0.2986372549019607
Thomas Asante,0.4030444444444444
Thomas Ayew,0.4027222222222222
Thomas Djiku,0.5201555555555556
Thomas Lukaku,0.38026470588235295
Thomas Openda,0.5038431372549019
Thomas Rahman,0.5011555555555556
Timo Henrichs,0.4924705882352941
Timothy Weah,0.2754736842105262
Timothy Yedlin,0.5537236842105262
Timothy Zimmerman,0.3701052631578947
Trezeguet Ashour,0.5347888888888889
Trezeguet Ibrahim,0.5027444444444444
Trezeguet Said,0.27741111111111105
Trezeguet Trezeguet,0.4000111111111111
Tyler Balogan,0.263578947368421
Tyler McKennie,0.5429473684210526
Tyler Morris,0.3944736842105263
Victor Ajayi,0.38587499999999997
Victor Aribo,0.5400875
Victor Chukwueze,0.3078375
Victor Ola-Aina,0.3865375
Viktor Holm,0.28541666666666654
Viktor Isak,0.37968055555555547
Viktor Karavaev,0.2824210526315789
Viktor Krafth,0.5459861111111111
Viktor Stepanenko,0.38786842105263164
Viktor Zinchenko,0.5041447368421053
Vincent Castelleto,0.3924545454545455
Vincent Choupo-Moting,0.20987499999999992
Vincent Lea,0.39884090909090897
Vinicius Guimaraes,0.28523333333333345
Vinicius Martins,0.5339777777777778
Vinicius Moreira,0.5080222222222223
Vinicius Nunes,0.23914444444444438
Virgil Lang,0.5016574074074074
Virgil Weghorst,0.2240833333333333
Virgil van Dijk,0.3714537037037037
Wahbi Bronn,0.28155319148936175
Wahbi Chalali,0.3712340425531915
Wahbi Dragger,0.5180425531914894
Wahbi Msakni,0.3945957446808511
Wataru Itakura,0.35363888888888884
Wataru Kubo,0.36930555555555555
Wataru Ueda,0.36616666666666664
Weston Acosta,0.38951315789473684
Weston Adams,0.39702631578947367
Weston Dest,0.37490789473684216
Weston Yedlin,0.38380263157894734
Wilfred Agbadou,0.29737500000000017
Wilfred Iheanacho,0.23153750000000006
Wilfred Moffi,0.42605000000000004
Wilfred Okafor,0.5001625000000001
Woo-young Ji,0.4935147058823529
Woo-young Na,0.5010882352941177
Xaver Kofler,0.5060909090909091
Xaver Sabitzer,0.3819848484848485
Xavi Veerman,0.5248425925925926
Xherdan Aebischer,0.39267142857142856
Xherdan Fernandes,0.3883
Xherdan Mvogo,0.5309571428571429
Xherdan Sommer,0.2950571428571428
Yacine Aouar,0.38946341463414624
Yacine Benkhemassa,0.3700853658536585
Yacine Bennacer,0.3904512195121952
Yann Blerim,0.2949428571428573
Yann Elvedi,0.5341142857142858
Yann Shaqiri,0.550242857142857
Yasser Al-Buraikan,0.3863557692307693
Yasser Al-Harbi,0.38596153846153847
Yasser Al-Owais,0.49097115384615386
Yassine Amrabat,0.29766363636363635
Yassine Dari,0.38271818181818185
Yassine El Yamiq,0.28210000000000013
Yerry Barrios,0.287945652173913
Yerry Cantillo,0.4934673913043478
Yerry Rodriguez,0.4851630434782609
Yevhen Kryvtsov,0.24273684210526314
Yevhen Yaremchuk,0.5036315789473684
Yoel Rodriguez,0.5299468085106382
Young-woo Hwang,0.3862794117647058
Young-woo Jeong,0.4021617647058823
Youri Chadli,0.3758235294117648
Youri Courtois,0.38842156862745103
Youri Saelemaekers,0.385578431372549
Youssef Dahmen,0.49351063829787234
Youssef Krid,0.39653191489361705
Youssef Laidouni,0.38869148936170206
Youssef Skhiri,0.22508510638297863
Yunus Robinson,0.5078684210526316
Yusuf Kilicsoy,0.39590000000000003
Yusuf Unal,0.49676
