country_code,year,political_stability,gdp_per_capita
ABW,2015,1.209329,27458.2201537506
ABW,2016,1.2062931,27441.5502144601
ABW,2017,1.2066651,28440.0416881491
ABW,2018,1.3341522,30082.1584226798
ABW,2019,1.3349374,30645.8906024548
ABW,2020,1.3345061,22759.8071750722
ABW,2021,1.3328137,26749.3296093118
ABW,2022,1.3357267,30975.9989121779
AFE,2015,,1498.8752400759
AFE,2016,,1334.47050032928
AFE,2017,,1528.10422421284
AFE,2018,,1552.07372194919
AFE,2019,,1507.08559963484
AFE,2020,,1351.59166910879
AFE,2021,,1562.41617477738
AFE,2022,,1679.32762166466
AFG,2015,-2.48125299999999,565.569730408751
AFG,2016,-2.4834928,522.082215583898
AFG,2017,-2.61393089999999,525.469770891619
AFG,2018,-2.5824048,491.337221382603
AFG,2019,-2.5893714,496.6025042585
AFG,2020,-2.5896897,510.787063366811
AFG,2021,-2.4506389,356.496214115892
AFG,2022,-2.4492487,357.261152798144
AFW,2015,,1860.72768628324
AFW,2016,,1630.03943895258
AFW,2017,,1574.23056437855
AFW,2018,,1720.14009242722
AFW,2019,,2216.38505520833
AFW,2020,,2030.86165860293
AFW,2021,,2112.79407637079
AFW,2022,,2138.47315259913
AGO,2015,-0.5591026,3641.72893919944
AGO,2016,-0.434627999999999,2051.81462126253
AGO,2017,-0.537214499999999,2790.71886869768
AGO,2018,-0.4058117,2860.0936483682
AGO,2019,-0.420703899999999,2493.67884440177
AGO,2020,-0.6427634,1759.35619918264
AGO,2021,-0.7936068,2303.90812662776
AGO,2022,-0.5414068,3682.1131513698
AIA,2015,1.2251811,
AIA,2016,1.221286,
AIA,2017,1.2217632,
AIA,2018,1.2251203,
AIA,2019,1.2261279,
AIA,2020,1.3857911,
AIA,2021,1.3836197,
AIA,2022,1.3873573,
ALB,2015,0.1252711,4199.53912925398
ALB,2016,0.1659701,4457.63412207495
ALB,2017,0.1638298,5006.36012951959
ALB,2018,0.1502032,5897.65452588774
ALB,2019,0.00437499999999999,6069.43903131027
ALB,2020,-0.0049854,6027.91350716348
ALB,2021,0.0239536,7242.45513146613
ALB,2022,0.0115425,7756.96188744253
AND,2015,1.3290711,38654.95287916
AND,2016,1.3245352,40129.8385811474
AND,2017,1.3250909,40672.9717424447
AND,2018,1.3290002,42819.7577456133
AND,2019,1.5488694,41257.816459345
AND,2020,1.5484064,37361.1070081615
AND,2021,1.5465903,42425.7066454357
AND,2022,1.5497163,42414.0479861228
ANT,2015,1.1851269,
ANT,2016,1.1812317,
ANT,2017,0.7119725,
ANT,2018,,
ANT,2019,,
ANT,2020,,
ANT,2021,,
ANT,2022,,
ARB,2015,,6290.55879501691
ARB,2016,,6042.19675439672
ARB,2017,,6096.72395041636
ARB,2018,,6699.18058175457
ARB,2019,,6674.34224402621
ARB,2020,,5739.41283580539
ARB,2021,,6697.41498492196
ARB,2022,,7950.35581975672
ARE,2015,0.8382509,44910.334995523
ARE,2016,0.6925969,42721.0999383185
ARE,2017,0.7192871,43733.6192287435
ARE,2018,0.8336611,47135.3591943971
ARE,2019,0.8295526,45938.6073581994
ARE,2020,0.826942,37991.7492971665
ARE,2021,0.839581,44118.5047192771
ARE,2022,0.883216,50759.7589231191
ARG,2015,-0.0308863,13679.6264980954
ARG,2016,0.1932708,12699.9623137756
ARG,2017,0.2394066,14532.5009308511
ARG,2018,0.1204378,11752.7998922979
ARG,2019,0.0571577,9955.97478680428
ARG,2020,0.0552501,8535.59938004389
ARG,2021,0.0921998,10738.0179223384
ARG,2022,0.0576438,13962.1894087223
ARM,2015,-0.139264399999999,3512.39350276709
ARM,2016,-0.3896011,3524.42476874707
ARM,2017,-0.3015882,3869.05373867752
ARM,2018,-0.00389009999999999,4196.00562301769
ARM,2019,0.0683699,4597.22887399548
ARM,2020,-0.2935835,4268.68093304583
ARM,2021,-0.5019,4685.17997128509
ARM,2022,-0.3556235,6571.97445545099
ASM,2015,1.2607488,12727.4102651386
ASM,2016,1.2548748,12843.3342903627
ASM,2017,1.2555945,11863.6839452565
ASM,2018,1.2606571,12552.0546868861
ASM,2019,1.2471192,12886.1359517218
ASM,2020,1.2465402,14489.2586563775
ASM,2021,1.2442687,15236.1604875571
ASM,2022,1.2481785,18017.4589383973
ATG,2015,0.9161633,16077.6340769406
ATG,2016,0.7403626,16556.8551801588
ATG,2017,0.614623,16965.7288273816
ATG,2018,0.7900001,18273.4270684912
ATG,2019,0.9169085,18896.3721832248
ATG,2020,0.9164728,15369.6082250401
ATG,2021,0.9147636,17348.6006987182
ATG,2022,1.0787211,20105.1989085164
AUS,2015,0.8032474,56970.3613028094
AUS,2016,0.9540785,50084.4440606385
AUS,2017,0.7831479,54117.547718609
AUS,2018,0.8840942,57410.1737346009
AUS,2019,0.8454141,55194.7585097428
AUS,2020,0.8859397,51983.4523666382
AUS,2021,0.8536507,60758.9044397144
AUS,2022,0.9015353,65169.5191118657
AUT,2015,1.1389655,43915.228020857
AUT,2016,0.8951862,45061.4993920192
AUT,2017,0.9266955,47163.7425775142
AUT,2018,0.8440814,51194.0749841299
AUT,2019,0.7878108,49885.9947355204
AUT,2020,0.8186312,48716.4098900349
AUT,2021,0.7543747,53648.6437976214
AUT,2022,0.6005165,52336.7725223758
AZE,2015,-0.4941808,5500.50364628486
AZE,2016,-0.5043466,3880.6852276838
AZE,2017,-0.455635299999999,4147.1981423222
AZE,2018,-0.3567438,4739.7943123408
AZE,2019,-0.3373117,4805.75371765917
AZE,2020,-0.5087721,4229.91064904503
AZE,2021,-0.4888287,5408.04535175023
AZE,2022,-0.542048099999999,7770.594223351
BDI,2015,-2.03645089999999,254.402585226788
BDI,2016,-2.106715,232.937812100153
BDI,2017,-2.0904201,246.060725714184
BDI,2018,-1.62367939999999,245.661678332009
BDI,2019,-1.66929629999999,234.31061590725
BDI,2020,-1.49526809999999,255.8324539389
BDI,2021,-1.37835589999999,264.980379269655
BDI,2022,-1.28089529999999,302.992505263552
BEL,2015,0.6581707,40893.804537772
BEL,2016,0.4864269,41854.5498296444
BEL,2017,0.3647602,44035.3239358548
BEL,2018,0.4247021,47487.2100392561
BEL,2019,0.3774033,46716.6227467964
BEL,2020,0.3686413,45906.2875805246
BEL,2021,0.461917,51658.238294958
BEL,2022,0.2465264,50605.7496677086
BEN,2015,0.117506,1002.41886879614
BEN,2016,0.2420032,1010.5338961993
BEN,2017,0.3155886,1054.97408066814
BEN,2018,0.1649971,1151.7409703472
BEN,2019,-0.197976799999999,1130.82135339795
BEN,2020,-0.283192699999999,1200.19426557789
BEN,2021,-0.4106645,1318.65158075198
BEN,2022,-0.4373008,1266.42711031904
BFA,2015,-0.6795154,630.124750752312
BFA,2016,-0.9073878,663.742364842886
BFA,2017,-0.855665599999999,709.091535894695
BFA,2018,-0.961889999999999,777.465618514048
BFA,2019,-1.19570659999999,764.853077774946
BFA,2020,-1.4159765,825.237038782475
BFA,2021,-1.5801637,895.535288442991
BFA,2022,-1.82102069999999,827.330843486661
BGD,2015,-1.331635,1224.38647668165
BGD,2016,-1.3416192,1649.28380858601
BGD,2017,-1.3289506,1811.08221668646
BGD,2018,-1.02517179999999,1965.24372731467
BGD,2019,-0.996755,2129.79896954606
BGD,2020,-1.01518479999999,2248.85078828233
BGD,2021,-1.0535518,2482.84917843357
BGD,2022,-1.0954422,2716.48592780431
BGR,2015,0.1823906,7268.65445473873
BGR,2016,0.2073039,7822.49923292968
BGR,2017,0.4061393,8696.68930427924
BGR,2018,0.592909,9849.38397225174
BGR,2019,0.5788167,10353.7204584127
BGR,2020,0.4210468,10760.211975413
BGR,2021,0.4063981,12966.1457543396
BGR,2022,0.3269733,13999.1949530956
BHR,2015,-0.9584379,23734.0551143019
BHR,2016,-0.909807199999999,23800.001440631
BHR,2017,-1.0066263,24784.7693514607
BHR,2018,-0.8677102,26324.4066549559
BHR,2019,-0.603362,27259.7438599327
BHR,2020,-0.5964745,24342.8444554718
BHR,2021,-0.5041164,27147.8083882286
BHR,2022,-0.482549599999999,30470.5219276023
BHS,2015,0.7437356,30719.405417469
BHS,2016,0.7974457,30616.5363157284
BHS,2017,0.8186672,31875.4881749619
BHS,2018,0.7130765,32642.3353203452
BHS,2019,0.6927555,33640.3369861278
BHS,2020,0.7133519,26178.7537607708
BHS,2021,0.7434332,30367.8605757708
BHS,2022,0.8592816,34957.1613279737
BIH,2015,-0.2551002,4662.25869219448
BIH,2016,-0.3709896,4928.5665903114
BIH,2017,-0.3110983,5345.01978766473
BIH,2018,-0.2895156,6047.84707207392
BIH,2019,-0.309193899999999,6122.37541352353
BIH,2020,-0.2690285,6130.31187968266
BIH,2021,-0.310701599999999,7295.34378682258
BIH,2022,-0.248056399999999,7655.59421024383
BLR,2015,0.1165415,5967.05595058777
BLR,2016,0.2027723,5039.77560949445
BLR,2017,0.0265511,5785.54491935194
BLR,2018,0.2676565,6360.037502312
BLR,2019,0.4258145,6837.77339645635
BLR,2020,-0.818298499999999,6542.85579976768
BLR,2021,-0.616372399999999,7489.71894713888
BLR,2022,-0.6168791,7994.64806074889
BLZ,2015,0.0315234,6154.62264230369
BLZ,2016,0.02715,6140.86713919469
BLZ,2017,0.0274572,6071.85451846453
BLZ,2018,0.0296183,6011.99036888587
BLZ,2019,0.1334022,6171.61449761423
BLZ,2020,0.6026689,5238.54078175696
BLZ,2021,0.3568757,6142.98930557031
BLZ,2022,0.7353533,7068.21728043145
BMU,2015,0.8160725,104855.366822135
BMU,2016,0.8121773,108747.356144305
BMU,2017,0.8126545,112339.425587467
BMU,2018,0.9762284,113204.82210838
BMU,2019,0.977236,115798.040775578
BMU,2020,0.9766825,106976.546239632
BMU,2021,0.974511,112765.08167306
BMU,2022,0.9782486,121613.939983629
BOL,2015,-0.175327899999999,2996.01289811344
BOL,2016,-0.2594315,3035.87347732132
BOL,2017,-0.2207409,4048.40119739839
BOL,2018,-0.1913596,4206.8552936661
BOL,2019,-0.7539613,4203.15492855788
BOL,2020,-0.3855901,3580.96761778303
BOL,2021,-0.2859636,4010.76053686204
BOL,2022,-0.170608899999999,4219.46113742445
BRA,2015,-0.4959054,8936.1955889444
BRA,2016,-0.5263958,8836.28546025694
BRA,2017,-0.602133799999999,10080.5078722821
BRA,2018,-0.645190399999999,9300.66072904004
BRA,2019,-0.722116299999999,9029.83304401079
BRA,2020,-0.427421599999999,7074.19407495707
BRA,2021,-0.3922756,7972.53696080695
BRA,2022,-0.415796899999999,9281.33282136864
BRB,2015,1.1290517,20424.2087530019
BRB,2016,0.839715,20295.5672072046
BRB,2017,0.8399905,20284.5762052461
BRB,2018,0.8002803,21381.2426303209
BRB,2019,0.9758945,21912.1501242857
BRB,2020,1.0680614,19194.4919736739
BRB,2021,1.0845669,21079.6145271791
BRB,2022,1.2066625,24387.0387293761
BRN,2015,1.2031979,30625.1287744656
BRN,2016,1.0333017,26663.2972950602
BRN,2017,1.0788022,28024.3824580252
BRN,2018,1.1449838,30988.1190267227
BRN,2019,1.0980607,30426.5730656528
BRN,2020,1.1645233,26834.3592233943
BRN,2021,1.1632013,31006.9636289785
BRN,2022,1.175984,36632.9280952155
BTN,2015,0.9981818,2954.04081911097
BTN,2016,1.1113941,3152.30905106786
BTN,2017,1.1177867,3435.28804735662
BTN,2018,1.1151798,3400.20417245342
BTN,2019,1.1641113,3576.87987100503
BTN,2020,1.1154419,3191.66906999331
BTN,2021,0.9391838,3570.61257980872
BTN,2022,1.3224382,3711.32767981591
BWA,2015,1.1318799,6141.20394726616
BWA,2016,0.9837653,6749.05994339013
BWA,2017,1.0166207,7104.96401088027
BWA,2018,0.9948159,7407.95940141786
BWA,2019,1.1539103,7172.08956480028
BWA,2020,1.0835182,6323.2974967659
BWA,2021,1.0572186,7807.88794570471
BWA,2022,1.0798421,8328.7090572666
CAF,2015,-1.8904664,366.322853938121
CAF,2016,-1.698431,387.176203444318
CAF,2017,-1.82651039999999,432.324025684263
CAF,2018,-1.89363629999999,455.243962859534
CAF,2019,-1.85285369999999,449.228467602439
CAF,2020,-2.3306101,462.879071294011
CAF,2021,-2.1689304,492.263142830507
CAF,2022,-1.9022515,467.359825026238
CAN,2015,1.1827978,43594.1941045394
CAN,2016,1.1623092,42314.0615817218
CAN,2017,1.0192144,45129.628116623
CAN,2018,0.9371514,46539.1761570405
CAN,2019,0.9041813,46352.8693445211
CAN,2020,0.9455077,43537.839298904
CAN,2021,0.7604154,52886.6616372703
CAN,2022,0.5074459,56256.8007264015
CEB,2015,,12596.8862547468
CEB,2016,,12874.699956166
CEB,2017,,14339.8243059389
CEB,2018,,16227.2484719489
CEB,2019,,16534.9264870407
CEB,2020,,16581.3526115028
CEB,2021,,19223.9274030651
CEB,2022,,19530.1553232172
CHE,2015,1.2751929,83806.4476003837
CHE,2016,1.2064894,82153.0745447889
CHE,2017,1.1641565,82254.3769269767
CHE,2018,1.2552678,85217.3691512274
CHE,2019,1.2001317,84121.9310304414
CHE,2020,1.1126481,85897.7843338323
CHE,2021,1.0255347,93664.7736696111
CHE,2022,1.0254452,94394.5106803525
CHI,2015,,61847.8212238857
CHI,2016,,55947.579811974
CHI,2017,,55806.3554257428
CHI,2018,,60784.8125397162
CHI,2019,,60564.6293993681
CHI,2020,,56785.9402005039
CHI,2021,,66915.3963925722
CHI,2022,,67627.1417347907
CHL,2015,0.6780588,13433.9202987032
CHL,2016,0.5937207,13649.8520452803
CHL,2017,0.5894191,14879.9086227187
CHL,2018,0.6742085,15659.4808675628
CHL,2019,0.1657239,14495.716721687
CHL,2020,0.1362588,13114.815470545
CHL,2021,0.146317,16206.8325493421
CHL,2022,-0.004406,15405.6165774073
CHN,2015,-0.5462433,8175.33285077393
CHN,2016,-0.501441799999999,8254.86859320357
CHN,2017,-0.203288,8979.67652709856
CHN,2018,-0.237003599999999,10085.6638148819
CHN,2019,-0.138588699999999,10342.9009524335
CHN,2020,-0.302661299999999,10627.4637989619
CHN,2021,-0.259168,12887.4357242941
CHN,2022,-0.249058199999999,12970.6056414327
CIV,2015,-0.7838544,1814.71855088017
CIV,2016,-0.8652379,1862.59597081287
CIV,2017,-1.0411412,1964.29930338343
CIV,2018,-0.9182691,2130.86619381144
CIV,2019,-1.0134615,2141.76836170115
CIV,2020,-1.16712789999999,2179.72934832935
CIV,2021,-0.895587799999999,2455.98127641148
CIV,2022,-0.716317499999999,2333.37128301259
CMR,2015,-1.0831153,1415.00009710569
CMR,2016,-1.1424059,1441.7201725688
CMR,2017,-1.1934513,1496.08951771242
CMR,2018,-1.4691248,1610.69641591017
CMR,2019,-1.6172731,1555.22660476477
CMR,2020,-1.6215792,1555.60370660749
CMR,2021,-1.57868299999999,1672.32657340872
CMR,2022,-1.6950827,1604.87726954895
COD,2015,-2.01074219999999,495.826633014883
COD,2016,-2.2189353,459.765036590388
COD,2017,-2.26337839999999,431.052559128788
COD,2018,-1.8967124,518.169626875371
COD,2019,-1.6467983,504.00419142286
COD,2020,-1.80629289999999,486.425572682256
COD,2021,-1.6314631,595.743074403567
COD,2022,-1.8455557,687.738587554685
COG,2015,-0.7582165,2439.35189403696
COG,2016,-0.760806,2093.10728558843
COG,2017,-0.7695685,2211.63309874797
COG,2018,-0.6896411,2694.43413191427
COG,2019,-0.5963817,2488.42466724916
COG,2020,-0.5758284,1993.586671931
COG,2021,-0.517419899999999,2516.16255145432
COG,2022,-0.1445911,2620.83804267402
COK,2015,,
COK,2016,,
COK,2017,,
COK,2018,0.9824054,
COK,2019,1.1021535,
COK,2020,1.1883308,
COK,2021,1.2207442,
COK,2022,1.194571,
COL,2015,-0.9555119,6248.51490534512
COL,2016,-0.873548099999999,5959.84250367574
COL,2017,-0.779948499999999,6479.53231292429
COL,2018,-0.665561899999999,6816.96818309544
COL,2019,-0.9052968,6472.54544924705
COL,2020,-0.6819314,5339.68711357943
COL,2021,-1.0147831,6222.62164397614
COL,2022,-0.809182,6680.44506854481
COM,2015,-0.0966781999999999,1329.37048235986
COM,2016,-0.2599683,1365.48403444497
COM,2017,-0.1999982,1423.9248027797
COM,2018,-0.407626,1527.40527125285
COM,2019,-0.4550338,1510.23218151592
COM,2020,-0.4562829,1519.34665556206
COM,2021,-0.3981267,1554.97289190153
COM,2022,-0.374766,1465.479642862
CPV,2015,0.8435225,3415.06266730931
CPV,2016,0.827822,3608.96605234906
CPV,2017,0.7203252,3893.09571382506
CPV,2018,0.8387813,4294.96510035729
CPV,2019,0.8393375,4380.78117331128
CPV,2020,0.839032,3539.22661248299
CPV,2021,0.8339009,3971.44409203423
CPV,2022,0.8359641,4323.31362032709
CRI,2015,0.7458992,11714.7105980732
CRI,2016,0.7331119,12091.0301606154
CRI,2017,0.7405908,12317.0902771304
CRI,2018,0.6346654,12590.2493781614
CRI,2019,0.6261254,12884.6859951989
CRI,2020,0.9250217,12394.0493969492
CRI,2021,1.0171458,12838.1185358931
CRI,2022,1.1460641,13625.9008491328
CSS,2015,,14497.5393236017
CSS,2016,,13376.8057759012
CSS,2017,,13671.1377634132
CSS,2018,,13896.7409040963
CSS,2019,,13995.8548364074
CSS,2020,,11957.223222537
CSS,2021,,13995.2694921728
CSS,2022,,17456.3084845676
CUB,2015,0.5847166,7727.91997207998
CUB,2016,0.6142617,8110.55874283616
CUB,2017,0.5729674,8610.60829605429
CUB,2018,0.5676311,8911.46205998726
CUB,2019,0.6592457,9232.26115935183
CUB,2020,0.6687382,9605.27914559614
CUB,2021,0.4994388,
CUB,2022,0.4974928,
CUW,2015,,19361.8129630226
CUW,2016,,18944.0962772875
CUW,2017,,18938.2440965187
CUW,2018,,19119.1244887029
CUW,2019,,19220.6865793075
CUW,2020,,16299.8134349902
CUW,2021,,17795.5826616182
CUW,2022,,20057.1404747175
CYM,2015,1.2746191,76379.2098777987
CYM,2016,0.9743726,77802.2535658023
CYM,2017,0.974877,80053.9442657031
CYM,2018,0.978425,83865.5540393356
CYM,2019,1.275357,88254.2902486867
CYM,2020,1.2749256,82338.7977439023
CYM,2021,1.4633939,86449.6749037302
CYM,2022,1.4663069,93030.7051447803
CYP,2015,0.6831374,23088.44140625
CYP,2016,0.7672285,24280.056640625
CYP,2017,0.6738103,26247.44921875
CYP,2018,0.6561041,29120.375
CYP,2019,0.7399069,29227.173828125
CYP,2020,0.4538116,28130.341796875
CYP,2021,0.4791734,32937.83984375
CYP,2022,0.3811357,33231.04296875
CZE,2015,1.100576,17931.5987670768
CZE,2016,1.0617374,18753.9686718096
CZE,2017,1.0199948,20913.197632212
CZE,2018,1.0436452,23705.9329811299
CZE,2019,1.0363667,24062.7190013343
CZE,2020,0.9082209,23472.8915454417
CZE,2021,0.9968819,27696.4619527544
CZE,2022,0.9957469,28282.2236715857
DEU,2015,0.8311441,41929.7549110722
DEU,2016,0.7945337,42948.9381932694
DEU,2017,0.7022243,45553.9341495339
DEU,2018,0.8239013,48916.1686612154
DEU,2019,0.7271723,47656.199739747
DEU,2020,0.6840532,47394.8734504469
DEU,2021,0.6603045,52349.2459994422
DEU,2022,0.5284799,50506.5179638543
DJI,2015,-0.493180099999999,2376.12554719873
DJI,2016,-0.7074408,2510.4300076241
DJI,2017,-0.7552217,2618.95521147369
DJI,2018,-0.296717499999999,2718.08338799203
DJI,2019,-0.3842768,2837.16902340932
DJI,2020,-0.4591955,2844.88810647853
DJI,2021,-0.5273642,3025.91126413549
DJI,2022,-0.4774121,3133.25779772463
DMA,2015,1.1120789,8282.59874702141
DMA,2016,0.9362782,8802.56172041363
DMA,2017,1.1093885,8224.64896571414
DMA,2018,1.112031,9215.3085405645
DMA,2019,0.9867091,9491.14995962374
DMA,2020,1.2385037,7827.74842680426
DMA,2021,1.2367945,8376.40414141113
DMA,2022,1.2397365,9323.66089490562
DNK,2015,1.0198991,53094.0133607574
DNK,2016,0.9320841,54500.9260410217
DNK,2017,0.9149035,57521.5514992225
DNK,2018,1.0018359,61324.7665045565
DNK,2019,0.8984987,59404.2663247723
DNK,2020,0.8682976,60985.4885601514
DNK,2021,0.8409469,69340.7334922138
DNK,2022,0.8416401,67781.0940939514
DOM,2015,0.1170524,6800.95309395474
DOM,2016,0.1555826,7160.44200982307
DOM,2017,0.0918722,7412.71571571512
DOM,2018,0.0030759,7882.98221584944
DOM,2019,0.0515231,8183.01623600375
DOM,2020,0.2361204,7135.22273255899
DOM,2021,0.3502987,8527.0754858205
DOM,2022,0.4914554,10104.2449349081
DZA,2015,-1.049624,4685.05902729002
DZA,2016,-1.12458449999999,4424.98529027556
DZA,2017,-0.929504599999999,4554.66753957828
DZA,2018,-0.6370211,4577.21029180491
DZA,2019,-1.06252749999999,4468.45341883656
DZA,2020,-0.883733299999999,3743.5419522929
DZA,2021,-0.9009933,4160.55926736925
DZA,2022,-0.8074555,4960.30334332888
EAP,2015,,6589.77076427462
EAP,2016,,6683.18386700353
EAP,2017,,7241.92533864361
EAP,2018,,8045.94630458507
EAP,2019,,8286.3981179292
EAP,2020,,8391.27634645494
EAP,2021,,9974.57829690175
EAP,2022,,10106.9935977814
EAR,2015,,3174.36962020929
EAR,2016,,3223.9805446069
EAR,2017,,3457.64943157186
EAR,2018,,3463.50882263374
EAR,2019,,3483.31545469615
EAR,2020,,3187.03781234801
EAR,2021,,3698.98363187847
EAR,2022,,4043.82776331568
EAS,2015,,9691.70576095154
EAS,2016,,9965.00400107685
EAS,2017,,10566.2828244863
EAS,2018,,11438.8584591418
EAS,2019,,11622.8915284736
EAS,2020,,11639.4853357389
EAS,2021,,13336.4841670883
EAS,2022,,13139.2109813612
ECA,2015,,6291.45594655745
ECA,2016,,5986.89723080084
ECA,2017,,6138.12063922999
ECA,2018,,5996.28775888893
ECA,2019,,6069.27407282315
ECA,2020,,5776.19343817718
ECA,2021,,6673.97429035651
ECA,2022,,7266.02243154199
ECS,2015,,22702.8228380066
ECS,2016,,22519.6408855547
ECS,2017,,23814.1197034605
ECS,2018,,25408.6379771601
ECS,2019,,25020.8648271756
ECS,2020,,24167.3551199699
ECS,2021,,27664.8914080918
ECS,2022,,27913.5882331645
ECU,2015,-0.1822625,5976.1596805651
ECU,2016,-0.1672879,5917.63771271481
ECU,2017,-0.1273984,6233.32244797718
ECU,2018,-0.0672488,6303.91886658338
ECU,2019,-0.209832,6205.05765246766
ECU,2020,-0.1513823,5463.64515348598
ECU,2021,-0.1983083,6061.32350181711
ECU,2022,-0.2336288,6515.58528418336
EGY,2015,-1.5178167,3306.98159414141
EGY,2016,-1.5399732,3270.6287768197
EGY,2017,-1.4711477,2395.10333299491
EGY,2018,-1.26200959999999,2484.70315630508
EGY,2019,-1.19692089999999,2962.98892023003
EGY,2020,-1.1172787,3511.11381026379
EGY,2021,-1.066781,3827.35415374308
EGY,2022,-0.9542974,4233.30783744856
EMU,2015,,34471.1747135027
EMU,2016,,35228.4854539428
EMU,2017,,37243.5651015997
EMU,2018,,40107.5362854643
EMU,2019,,39220.5136743355
EMU,2020,,38236.5543048506
EMU,2021,,42984.5697414154
EMU,2022,,41608.7123275598
ERI,2015,-0.7893504,
ERI,2016,-0.7487988,
ERI,2017,-0.834184199999999,
ERI,2018,-0.9260353,
ERI,2019,-0.9764301,
ERI,2020,-1.0705711,
ERI,2021,-1.02707899999999,
ERI,2022,-1.0696541,
ESP,2015,0.4353383,25982.4416197775
ESP,2016,0.425985,26755.6061149398
ESP,2017,0.280621,28381.3425596906
ESP,2018,0.3346558,30602.4212881113
ESP,2019,0.267048,29786.5245689007
ESP,2020,0.2956928,27233.9426461608
ESP,2021,0.38323,30799.4775937775
ESP,2022,0.1569762,30319.4987196616
EST,2015,0.8918499,17722.1557669523
EST,2016,0.8731492,18666.3736521706
EST,2017,0.8425161,20851.5223496861
EST,2018,0.7988248,23618.1361254581
EST,2019,0.8235862,24021.2501413306
EST,2020,0.9178902,23933.9939421065
EST,2021,0.8879044,27951.1659277744
EST,2022,0.8742633,28340.3826549406
ETH,2015,-1.26354339999999,597.912113218663
ETH,2016,-1.43965759999999,641.651523286233
ETH,2017,-1.5195725,696.348429076216
ETH,2018,-1.2054246,739.702022272086
ETH,2019,-1.1789771,793.473247210264
ETH,2020,-1.5934093,829.790982547947
ETH,2021,-2.0139565,893.00983544905
ETH,2022,-1.8659545,982.103161506992
EUU,2015,,30771.6568591261
EUU,2016,,31456.8971280656
EUU,2017,,33394.5888043692
EUU,2018,,36054.953230113
EUU,2019,,35374.1403676934
EUU,2020,,34694.7035869195
EUU,2021,,39206.9791776084
EUU,2022,,38066.8844892624
FCS,2015,,1663.16200127279
FCS,2016,,1491.08080315915
FCS,2017,,1549.60952933559
FCS,2018,,1634.92965875473
FCS,2019,,1861.6533045303
FCS,2020,,1618.4798041022
FCS,2021,,1711.40128929758
FCS,2022,,1850.91743054769
FIN,2015,1.1347824,42560.3456767103
FIN,2016,1.0609919,43451.2562442158
FIN,2017,1.1388152,46085.0174739036
FIN,2018,1.041505,49654.2497035329
FIN,2019,0.9978349,48358.1807773701
FIN,2020,1.1572607,48828.6846862799
FIN,2021,1.1287431,53099.1351400148
FIN,2022,1.0892287,50440.560224974
FJI,2015,0.3263655,5097.53106864695
FJI,2016,0.7205988,5363.79026679243
FJI,2017,0.3819841,5826.84814459328
FJI,2018,0.6984111,6085.41979485376
FJI,2019,0.6881602,5842.07344577597
FJI,2020,0.6004415,4620.6457238014
FJI,2021,0.6663534,4536.73312110335
FJI,2022,0.782553,5414.12092119088
FRA,2015,0.1735665,36702.4323733379
FRA,2016,-0.0415329,37024.2157133669
FRA,2017,0.229972,38687.1626407164
FRA,2018,0.1043516,41418.1766484844
FRA,2019,0.2040672,40408.2848574751
FRA,2020,0.1270887,39169.8606000707
FRA,2021,0.1241525,43725.0999521245
FRA,2022,0.0198376,40988.6396406579
FRO,2015,,52637.1903526574
FRO,2016,,56875.2803813296
FRO,2017,,59387.353086482
FRO,2018,,62526.4908515743
FRO,2019,,63068.2872688483
FRO,2020,,62243.1905561324
FRO,2021,,69415.1853254579
FRO,2022,,67058.2022648126
FSM,2015,1.071904,2853.07643587028
FSM,2016,1.0686461,2979.60119184048
FSM,2017,1.0690453,3279.10779039285
FSM,2018,1.2058557,3566.58690371125
FSM,2019,1.009383,3572.65918282222
FSM,2020,1.1206831,3362.02802120524
FSM,2021,1.2268624,3508.22314197664
FSM,2022,1.5042238,3710.12451611752
GAB,2015,-0.1148078,7047.12654634355
GAB,2016,-0.534579199999999,6677.07003901644
GAB,2017,-0.4524644,6921.73373135624
GAB,2018,-0.393451,7624.2775233771
GAB,2019,-0.2805716,7441.1786472281
GAB,2020,-0.2194997,6605.80346077565
GAB,2021,-0.28203,8181.40914134656
GAB,2022,-0.1324826,8409.2074145028
GBR,2015,0.537112,45255.3449216209
GBR,2016,0.4498582,41257.9085545556
GBR,2017,0.4406625,40916.8115070354
GBR,2018,0.2825929,43702.9976303165
GBR,2019,0.5681497,43158.7411267323
GBR,2020,0.5102213,40812.6794663879
GBR,2021,0.4363658,47691.3768799404
GBR,2022,0.3676912,47057.043229179
GEO,2015,-0.090598,4086.6223465965
GEO,2016,-0.0614684,4143.40125686315
GEO,2017,-0.1125587,4418.75206546679
GEO,2018,-0.0948569,4804.0546040444
GEO,2019,-0.134771,4741.2832715876
GEO,2020,-0.1271941,4300.85701291207
GEO,2021,-0.2017684,5083.60695484577
GEO,2022,-0.100034699999999,6729.84659930283
GHA,2015,-0.0228697,1722.77282833606
GHA,2016,-0.128208,1912.47991339951
GHA,2017,0.0663948999999999,2012.28662641265
GHA,2018,-0.032042,2195.32166016377
GHA,2019,0.0133997,2186.65822682613
GHA,2020,0.0588855,2195.45481659987
GHA,2021,-0.1622488,2445.18662529344
GHA,2022,-0.1877453,2229.89122647803
GIB,2015,,
GIB,2016,,
GIB,2017,,
GIB,2018,,
GIB,2019,,
GIB,2020,,
GIB,2021,,
GIB,2022,,
GIN,2015,-0.7463171,747.356966759448
GIN,2016,-0.577628599999999,711.996509782316
GIN,2017,-0.800407099999999,833.598621691121
GIN,2018,-0.930512799999999,933.273615633705
GIN,2019,-0.857881799999999,1031.34146480732
GIN,2020,-1.0877324,1053.66097696415
GIN,2021,-1.0159308,1244.96550477914
GIN,2022,-0.813667399999999,1416.59612011764
GMB,2015,-0.210501599999999,619.536364296461
GMB,2016,-0.446274,650.056501323611
GMB,2017,-0.196953699999999,642.522641296331
GMB,2018,-0.115459499999999,696.219806960615
GMB,2019,0.0678807,738.186751987483
GMB,2020,0.1363877,720.335143352133
GMB,2021,0.0231959,781.890925169531
GMB,2022,0.1344853,836.244875868476
GNB,2015,-0.5875693,645.066837207039
GNB,2016,-0.5084519,679.665386626818
GNB,2017,-0.582037399999999,783.123186602022
GNB,2018,-0.649365499999999,808.531613218504
GNB,2019,-0.4638332,811.216425885129
GNB,2020,-0.2838803,846.915855715971
GNB,2021,-0.3001867,926.780921081233
GNB,2022,-0.360252199999999,883.199131457831
GNQ,2015,-0.5106021,9068.91003238645
GNQ,2016,-0.404997699999999,7453.19797948517
GNQ,2017,-0.3950453,7809.10465655488
GNQ,2018,-0.3808707,8102.47084834031
GNQ,2019,-0.3400881,6804.14923073888
GNQ,2020,-0.380621,5764.05502912947
GNQ,2021,-0.3214725,6945.63069794539
GNQ,2022,-0.3481526,7589.29964909381
GRC,2015,-0.1201405,17980.7298238137
GRC,2016,-0.1537754,17919.2426377048
GRC,2017,0.00694,18631.9930129293
GRC,2018,0.351321,19873.4015238771
GRC,2019,0.2789347,19335.3602002969
GRC,2020,0.2996221,17886.733165236
GRC,2021,0.2270172,20654.7001960815
GRC,2022,0.236947,20886.5243087629
GRD,2015,0.5941324,8694.12438005692
GRD,2016,0.9130972,9221.23461079424
GRD,2017,0.9134729,9751.42661155932
GRD,2018,0.9161154,10083.021279225
GRD,2019,0.9169085,10462.7929159533
GRD,2020,1.0425879,8968.55890108484
GRD,2021,1.0408786,9617.28902905373
GRD,2022,1.2048361,10469.3867012856
GRL,2015,1.7576068,44536.3549705377
GRL,2016,1.7522673,48181.7453541266
GRL,2017,1.7529215,50765.7494665372
GRL,2018,1.7575234,54545.135857765
GRL,2019,1.7589045,53309.2035905065
GRL,2020,1.7581458,54812.6661771023
GRL,2021,1.7551692,58135.9939910203
GRL,2022,1.2502225,55635.0006491223
GTM,2015,-0.690917999999999,3893.50533299068
GTM,2016,-0.6431273,4060.13784737643
GTM,2017,-0.700759599999999,4324.99768915601
GTM,2018,-0.6836211,4352.94593289707
GTM,2019,-0.6944184,4511.99839552697
GTM,2020,-0.563868399999999,4477.61785000665
GTM,2021,-0.5740791,4912.62240414681
GTM,2022,-0.3005447,5358.70156997677
GUF,2015,0.3161713,
GUF,2016,0.3131355,
GUF,2017,0.3135074,
GUF,2018,0.3161239,
GUF,2019,0.2573287,
GUF,2020,0.3817679,
GUF,2021,0.3800755,
GUF,2022,0.5424152,
GUM,2015,0.8160725,35165.7014644795
GUM,2016,0.6519602,35930.6594898711
GUM,2017,0.8126545,36779.0078903909
GUM,2018,0.9368685,37195.9503070464
GUM,2019,0.9450797,39274.9431424899
GUM,2020,0.9970127,36482.9363953675
GUM,2021,0.9953332,38074.8793745801
GUM,2022,0.9982241,41833.1517132825
GUY,2015,-0.150202,5640.41560569466
GUY,2016,-0.00540029999999999,5870.87823759835
GUY,2017,-0.0051392,6178.6650437298
GUY,2018,-0.0410701,6048.38697180418
GUY,2019,-0.0594026999999999,6405.82443444562
GUY,2020,-0.00729659999999999,6775.70939096303
GUY,2021,-0.0281476999999999,9860.87014834386
GUY,2022,0.210713,17913.4928066879
HIC,2015,,36586.4346902662
HIC,2016,,37057.8096501124
HIC,2017,,38776.5615949516
HIC,2018,,41094.8560877186
HIC,2019,,41342.2066107349
HIC,2020,,40108.2348602411
HIC,2021,,45081.6648348438
HIC,2022,,46553.1150181383
HKG,2015,0.8753195,42432.1619740441
HKG,2016,0.6672047,43734.1980702999
HKG,2017,0.6833963,46160.429791493
HKG,2018,0.7617643,48537.5668888343
HKG,2019,-0.1843167,48359.0011950597
HKG,2020,0.0079016,46109.2299946609
HKG,2021,0.2186871,49770.5642374739
HKG,2022,0.3891702,48825.8441873536
HND,2015,-0.6604916,2271.20265980349
HND,2016,-0.7047922,2307.34468351082
HND,2017,-0.9065696,2413.0076562942
HND,2018,-0.864353599999999,2464.64241531918
HND,2019,-0.827137599999999,2502.32744328073
HND,2020,-0.666353099999999,2307.61494319511
HND,2021,-0.806377,2735.14751503977
HND,2022,-0.4781621,3003.28996826399
HPC,2015,,917.296109229181
HPC,2016,,894.708764701024
HPC,2017,,943.132832332498
HPC,2018,,985.478210719267
HPC,2019,,983.900062178744
HPC,2020,,962.590226473892
HPC,2021,,1061.41414950431
HPC,2022,,1121.48387311982
HRV,2015,0.611397,12283.7840620053
HRV,2016,0.6354526,12820.1653893008
HRV,2017,0.6251591,13901.7878144679
HRV,2018,0.7689202,15460.3669595491
HRV,2019,0.7476171,15563.5987295029
HRV,2020,0.6477441,14807.5608543265
HRV,2021,0.6364386,17788.7865816658
HRV,2022,0.7321186,18465.5414420364
HTI,2015,-0.925938199999999,1411.12684746796
HTI,2016,-0.894686099999999,1318.40268167953
HTI,2017,-0.834199999999999,1395.23945184461
HTI,2018,-0.7667849,1496.38048970156
HTI,2019,-0.9509746,1352.17204191532
HTI,2020,-1.0389171,1290.32538667383
HTI,2021,-1.2132391,1841.33189337222
HTI,2022,-0.947002399999999,1760.62635668777
HUN,2015,0.843542,12782.9412577973
HUN,2016,0.6277681,13215.8605277789
HUN,2017,0.7324048,14736.1668157258
HUN,2018,0.6616322,16605.0570511887
HUN,2019,0.7326156,17012.8598553199
HUN,2020,0.7938892,16386.9308821258
HUN,2021,0.7337253,19030.628130329
HUN,2022,0.6701403,18428.028825614
IBD,2015,,5546.04775275527
IBD,2016,,5534.81953332907
IBD,2017,,6053.30921793356
IBD,2018,,6394.19484299789
IBD,2019,,6476.07259783679
IBD,2020,,6191.51088391849
IBD,2021,,7314.52836425795
IBD,2022,,7699.23258826186
IBT,2015,,4474.43525326247
IBT,2016,,4447.41739069513
IBT,2017,,4831.93005964107
IBT,2018,,5085.50217477104
IBT,2019,,5167.89523774326
IBT,2020,,4923.57218418891
IBT,2021,,5754.24675079938
IBT,2022,,6036.81374407089
IDA,2015,,1350.30758062232
IDA,2016,,1314.0817741131
IDA,2017,,1355.23505457315
IDA,2018,,1408.95016839901
IDA,2019,,1544.27890067061
IDA,2020,,1464.52261402905
IDA,2021,,1566.13709936781
IDA,2022,,1647.52732460307
IDB,2015,,1947.85246838642
IDB,2016,,1790.53787826053
IDB,2017,,1804.50559433385
IDB,2018,,1869.38204447614
IDB,2019,,2205.87361894796
IDB,2020,,2008.89632662853
IDB,2021,,2142.31172674601
IDB,2022,,2234.83616206483
IDN,2015,-0.5390218,3288.22269725538
IDN,2016,-0.463383,3521.46943457574
IDN,2017,-0.5816146,3798.88326174526
IDN,2018,-0.5428012,3860.95353090726
IDN,2019,-0.5802685,4106.94856160358
IDN,2020,-0.539945999999999,3853.70288774146
IDN,2021,-0.6496757,4287.17313995098
IDN,2022,-0.7624666,4730.83484836107
IDX,2015,,1023.43894668408
IDX,2016,,1054.10011053311
IDX,2017,,1110.744251052
IDX,2018,,1159.06134313704
IDX,2019,,1186.40559680864
IDX,2020,,1170.98051516892
IDX,2021,,1256.19296430735
IDX,2022,,1332.31730178708
IMN,2015,,84753.5187422732
IMN,2016,,82025.9454509241
IMN,2017,,83481.3038489014
IMN,2018,,89393.8244248812
IMN,2019,,87127.5517977404
IMN,2020,,79513.5330346598
IMN,2021,,94299.969348965
IMN,2022,,88328.548125887
IND,2015,-0.7619187,1583.99815907985
IND,2016,-0.7362183,1707.50892912243
IND,2017,-0.572111399999999,1950.10468280866
IND,2018,-0.6785888,1966.25455171679
IND,2019,-0.590466199999999,2041.42863698585
IND,2020,-0.720631199999999,1907.04251637669
IND,2021,-0.6015988,2239.61384367482
IND,2022,-0.7535037,2347.44829434623
INX,2015,,
INX,2016,,
INX,2017,,
INX,2018,,
INX,2019,,
INX,2020,,
INX,2021,,
INX,2022,,
IRL,2015,0.951695,64250.1385181257
IRL,2016,0.8856802,64129.5571542383
IRL,2017,0.9418026,72161.4047531385
IRL,2018,0.9855531,80804.1123164826
IRL,2019,0.9409046,81827.6688873996
IRL,2020,0.8785787,86514.0706108754
IRL,2021,0.7362963,103783.446284479
IRL,2022,0.8053599,105190.685952731
IRN,2015,-0.7896962,4952.73355532178
IRN,2016,-0.6448832,5710.59947089104
IRN,2017,-0.699442999999999,6000.93346404409
IRN,2018,-0.9686014,4783.01067340237
IRN,2019,-1.2556127,3997.4935449585
IRN,2020,-1.2213247,3202.50003502169
IRN,2021,-1.1577773,4605.14881318992
IRN,2022,-1.1448403,4721.20437099984
IRQ,2015,-2.2449091,4440.14189252367
IRQ,2016,-2.22917579999999,4334.42096404188
IRQ,2017,-2.1677252,4759.2846435467
IRQ,2018,-2.1719253,5646.68932074742
IRQ,2019,-2.2227253,5671.8568632942
IRQ,2020,-2.1814743,4295.18945121228
IRQ,2021,-2.1722684,4868.49431080783
IRQ,2022,-2.2294281,6520.73154560584
ISL,2015,1.2622879,53505.6964079339
ISL,2016,1.2205951,62854.0906407932
ISL,2017,1.2503574,72976.3729990975
ISL,2018,1.2958486,75633.8651351915
ISL,2019,1.556416,69296.3144361601
ISL,2020,1.3289196,60127.9393575616
ISL,2021,1.3382488,70425.4064277273
ISL,2022,1.2672872,76350.4550416502
ISR,2015,-0.6113908,36213.1041481958
ISR,2016,-0.354649699999999,37671.5389138798
ISR,2017,-0.4501475,41138.470964272
ISR,2018,-0.3446955,42362.6652754196
ISR,2019,-0.4361137,44250.6313628073
ISR,2020,-0.567841399999999,44575.5719045492
ISR,2021,-0.699899199999999,52270.9040241956
ISR,2022,-0.904996799999999,54949.621556429
ITA,2015,0.394629,30639.8829751432
ITA,2016,0.3518422,31391.5692898108
ITA,2017,0.2543499,32844.115660604
ITA,2018,0.3723628,34904.1081923834
ITA,2019,0.3223326,33812.788724868
ITA,2020,0.3322841,32091.4866621366
ITA,2021,0.4392226,36852.5425414951
ITA,2022,0.4124684,35653.9042103495
JAM,2015,0.0607252,5339.30718256806
JAM,2016,0.0960441,5302.29553353854
JAM,2017,0.1291365,5605.43541173019
JAM,2018,0.169434,5976.90362644337
JAM,2019,0.179033,6030.68896415921
JAM,2020,0.1525241,5299.04530804283
JAM,2021,0.1423135,5625.67806271236
JAM,2022,0.4525342,6626.47502388538
JEY,2015,1.458374,
JEY,2016,1.4484531,
JEY,2017,1.4496687,
JEY,2018,1.458219,
JEY,2019,1.4607852,
JEY,2020,1.246013,
JEY,2021,1.2404824,
JEY,2022,1.4633644,
JOR,2015,-0.6404285,4042.75678097555
JOR,2016,-0.538077799999999,3986.71677010853
JOR,2017,-0.444359699999999,4065.61628749384
JOR,2018,-0.322432699999999,4145.43989673265
JOR,2019,-0.2846298,4170.1144003465
JOR,2020,-0.3260056,4022.0401356135
JOR,2021,-0.390988399999999,4183.49998326866
JOR,2022,-0.311462199999999,4332.25159897931
JPN,2015,1.2226375,34960.6393843385
JPN,2016,1.1198832,39375.4731620781
JPN,2017,1.169376,38834.0529341227
JPN,2018,1.1378638,39751.1330982711
JPN,2019,1.1161393,40415.9567649547
JPN,2020,1.1325471,40028.7341726762
JPN,2021,1.1600529,40094.5599795288
JPN,2022,1.2758787,34065.6438962526
KAZ,2015,0.0342151,10196.1226255982
KAZ,2016,-0.0865605,7475.56688689424
KAZ,2017,-0.0563947,8943.08416791984
KAZ,2018,-0.1086366,9472.48527327758
KAZ,2019,-0.221063999999999,9457.12614657136
KAZ,2020,-0.2842993,8781.50797787648
KAZ,2021,-0.2325504,9983.60103576902
KAZ,2022,-0.5795614,11255.3396437881
KEN,2015,-1.2308131,1489.11959777284
KEN,2016,-1.17914689999999,1554.12610314423
KEN,2017,-1.1322093,1667.48447230835
KEN,2018,-1.1196296,1836.45275528993
KEN,2019,-1.07516719999999,1960.40808854893
KEN,2020,-1.0502651,1927.66459027849
KEN,2021,-1.11021939999999,2061.35622089594
KEN,2022,-0.962236,2109.56288513137
KGZ,2015,-0.7293545,1105.65193844261
KGZ,2016,-0.5531495,1103.27489428412
KGZ,2017,-0.2975366,1221.39046807082
KGZ,2018,-0.323764,1283.5203037417
KGZ,2019,-0.206819199999999,1421.99927504102
KGZ,2020,-0.5068231,1229.51766602907
KGZ,2021,-0.3876484,1349.99730650542
KGZ,2022,-0.422477,1739.72018344174
KHM,2015,-0.1585169,1547.32010444393
KHM,2016,-0.0778582999999999,1675.19555711109
KHM,2017,-0.153852799999999,1826.35391688754
KHM,2018,-0.1054427,2036.67377566578
KHM,2019,-0.1935314,2225.87705485686
KHM,2020,-0.2401873,2081.73914242939
KHM,2021,-0.1486895,2167.40324198499
KHM,2022,-0.0739156,2325.03050040841
KIR,2015,0.9559309,1639.85274740652
KIR,2016,0.951395,1742.66799324117
KIR,2017,0.9519508,1853.05122713319
KIR,2018,0.95586,1912.73809378187
KIR,2019,1.0992501,1750.9977188915
KIR,2020,1.1749608,1751.78249168214
KIR,2021,1.1647191,2222.04819501897
KIR,2022,1.2429196,2069.7671726925
KNA,2015,0.663933,20328.8003530109
KNA,2016,0.6608669,21387.5415511103
KNA,2017,0.6612426,22464.9899633959
KNA,2018,0.6638851,22901.3816403197
KNA,2019,0.6646782,23595.4923231291
KNA,2020,0.9164728,18859.0190361046
KNA,2021,0.9147636,18361.1449697886
KNA,2022,0.9177056,21011.5744209816
KOR,2015,0.667684,30171.7906545222
KOR,2016,0.5156398,30832.0628072516
KOR,2017,0.6254761,33296.9845439195
KOR,2018,0.8705137,35363.9508228687
KOR,2019,0.8544821,33826.9443301597
KOR,2020,0.8679972,33645.7719545073
KOR,2021,0.9005342,37518.4635305697
KOR,2022,0.855673,34822.4048404971
KWT,2015,-0.1466244,29882.2126495698
KWT,2016,-0.0213093,27323.6890735517
KWT,2017,0.0018547,29047.6536135703
KWT,2018,0.2360921,32067.9623756889
KWT,2019,0.2460837,31707.8737443551
KWT,2020,0.1554026,25236.0755848941
KWT,2021,0.1542148,34018.6342592913
KWT,2022,0.1041664,39981.7691035833
LAC,2015,,8308.73911709951
LAC,2016,,7977.19727122285
LAC,2017,,8827.8501051856
LAC,2018,,8484.48335233409
LAC,2019,,8282.78290882792
LAC,2020,,6904.27677369596
LAC,2021,,7970.6164425206
LAC,2022,,9111.34927084769
LAO,2015,0.4046383,2121.01339097363
LAO,2016,0.3452009,2303.22156035363
LAO,2017,0.2776591,2432.43059478511
LAO,2018,0.2651475,2545.1075420815
LAO,2019,0.3582008,2589.32081035237
LAO,2020,0.5456553,2583.77730696131
LAO,2021,0.583086,2526.05105018529
LAO,2022,0.7033051,2046.40440255621
LBN,2015,-1.3952938,7714.1099998804
LBN,2016,-1.3333648,8089.012088155
LBN,2017,-1.3393518,8608.21084982387
LBN,2018,-1.2146005,9174.53666204759
LBN,2019,-1.3398887,8905.88005497437
LBN,2020,-1.3492491,5561.19166950397
LBN,2021,-1.3231817,4045.37391066234
LBN,2022,-1.34257539999999,3654.35845534878
LBR,2015,-0.5851773,692.590082351257
LBR,2016,-0.453136899999999,714.613063145659
LBR,2017,-0.2701752,699.269095727404
LBR,2018,-0.0185577,692.203127129794
LBR,2019,-0.2571938,658.164180770507
LBR,2020,-0.220102599999999,616.787867006715
LBR,2021,-0.2103506,667.96610514319
LBR,2022,-0.2807974,744.617175237387
LBY,2015,-2.2100778,7458.48917756374
LBY,2016,-2.2576529,7525.80299308216
LBY,2017,-2.29431519999999,9965.83236729757
LBY,2018,-2.28391459999999,11196.5854810844
LBY,2019,-2.25895969999999,9963.19489084483
LBY,2020,-2.2231779,6650.33810585348
LBY,2021,-2.2069296,4935.82787349801
LBY,2022,-2.00397249999999,5986.63694851258
LCA,2015,0.7434287,10334.9860823918
LCA,2016,0.9130972,10638.1269396653
LCA,2017,0.8668533,11333.1123822102
LCA,2018,0.8694958,11642.6984727769
LCA,2019,0.8702889,11794.0597229805
LCA,2020,0.8698532,8411.07474936367
LCA,2021,0.868144,10459.1321248092
LCA,2022,1.0438207,13103.8243147472
LCN,2015,,8547.2373391789
LCN,2016,,8241.45140922665
LCN,2017,,9065.54817792866
LCN,2018,,8778.37906311973
LCN,2019,,8539.39776066424
LCN,2020,,7168.64740599577
LCN,2021,,8291.07156305024
LCN,2022,,9408.84820249156
LDC,2015,,982.894810600519
LDC,2016,,966.721782937566
LDC,2017,,1035.19428808636
LDC,2018,,1080.56177999961
LDC,2019,,1105.24693378698
LDC,2020,,1088.72161311357
LDC,2021,,1175.55718251136
LDC,2022,,1299.36172423082
LIC,2015,,740.889503942237
LIC,2016,,633.792954627598
LIC,2017,,634.710788724745
LIC,2018,,645.846067078285
LIC,2019,,645.998249720369
LIC,2020,,605.437906755342
LIC,2021,,651.812637638679
LIC,2022,,734.204117595357
LIE,2015,1.5056039,167187.15730982
LIE,2016,1.5021925,165375.491396259
LIE,2017,1.5026105,170547.092298954
LIE,2018,1.5055506,174988.775083446
LIE,2019,1.6431087,166907.839305016
LIE,2020,1.6427344,164671.093553454
LIE,2021,1.5846135,201944.830335076
LIE,2022,1.5871411,188055.003235348
LKA,2015,-0.0885947,4057.7158346231
LKA,2016,-0.1436337,4149.19190775593
LKA,2017,-0.179121299999999,4398.88828068715
LKA,2018,-0.2597255,4358.56095906047
LKA,2019,-0.173798099999999,4081.94772722003
LKA,2020,-0.1154138,3847.60137695639
LKA,2021,-0.510938,3996.96240014909
LKA,2022,-0.7621199,3342.63650253855
LMC,2015,,1848.28029294397
LMC,2016,,1895.24399500136
LMC,2017,,2026.19304074045
LMC,2018,,2085.0452543512
LMC,2019,,2228.84805859217
LMC,2020,,2121.61421722256
LMC,2021,,2369.9577651033
LMC,2022,,2493.61487371356
LMY,2015,,4284.85686298442
LMY,2016,,4274.9314240157
LMY,2017,,4615.000484095
LMY,2018,,4853.74507668345
LMY,2019,,4943.24879858439
LMY,2020,,4732.82727829687
LMY,2021,,5524.24398933119
LMY,2022,,5741.78381882953
LSO,2015,-0.208938699999999,1121.19851342518
LSO,2016,-0.2746129,992.491840678465
LSO,2017,-0.2021614,1069.36673247542
LSO,2018,-0.1397918,1170.65569702819
LSO,2019,-0.287980099999999,1082.05706777516
LSO,2020,-0.1451933,918.582574704447
LSO,2021,-0.1334002,1066.58645143823
LSO,2022,-0.128161,1030.12582947757
LTE,2015,,8331.63270803563
LTE,2016,,8297.33610796797
LTE,2017,,9138.44134545505
LTE,2018,,9966.81160876463
LTE,2019,,10120.3125161359
LTE,2020,,9873.93519864422
LTE,2021,,11759.7974990154
LTE,2022,,12286.0846812169
LTU,2015,0.9444776,14269.8039878287
LTU,2016,0.9545715,14934.2702840428
LTU,2017,0.8922634,16800.1510246099
LTU,2018,0.9070273,19247.2315367967
LTU,2019,0.9825192,19608.7943945553
LTU,2020,1.1506312,20428.6478157394
LTU,2021,1.0111257,23870.4594851722
LTU,2022,0.963939,25085.784063499
LUX,2015,1.4125194,105462.012584423
LUX,2016,1.3457296,106899.293549552
LUX,2017,1.2715421,110193.213797228
LUX,2018,1.3055181,116926.759593905
LUX,2019,1.3055593,112696.649059674
LUX,2020,1.2105167,116860.02817236
LUX,2021,1.1450494,134965.815442152
LUX,2022,1.0244114,123719.658915996
LVA,2015,0.7167386,13321.9753140616
LVA,2016,0.6434248,13838.5266823272
LVA,2017,0.6631827,15132.4958333982
LVA,2018,0.6632555,17252.1710428626
LVA,2019,0.6780506,17294.9751600969
LVA,2020,0.726286,17564.2321549354
LVA,2021,0.8069842,20261.8887788916
LVA,2022,0.7798656,20221.103686109
MAC,2015,1.1400764,69902.9605741233
MAC,2016,1.3130313,68911.6755919628
MAC,2017,1.3135357,77570.9876166977
MAC,2018,1.1477542,83588.2875009014
MAC,2019,1.1488191,81882.6964523869
MAC,2020,1.0596983,36883.6652578543
MAC,2021,0.9688675,44884.8961602393
MAC,2022,0.9728177,36806.891255461
MAF,2015,,
MAF,2016,,
MAF,2017,,
MAF,2018,,
MAF,2019,,19033.0649634889
MAF,2020,,
MAF,2021,,21668.3776525323
MAF,2022,,
MAR,2015,-0.4546654,3146.24780273438
MAR,2016,-0.4710854,3140.85546875
MAR,2017,-0.5065227,3296.52661132813
MAR,2018,-0.426450799999999,3501.69799804688
MAR,2019,-0.390399499999999,3508.09765625
MAR,2020,-0.409449199999999,3268.0302734375
MAR,2021,-0.4686437,3785.93627929688
MAR,2022,-0.492008,3463.1376953125
MCO,2015,1.2059066,170437.101188261
MCO,2016,1.2026488,173604.753555915
MCO,2017,1.5452189,170663.375247872
MCO,2018,1.5480267,188298.315668437
MCO,2019,1.5488694,193746.785647412
MCO,2020,1.2062355,176891.886538492
MCO,2021,1.2044193,223823.363960226
MCO,2022,1.3786309,226052.001905201
MDA,2015,-0.1714471,2749.55137054338
MDA,2016,-0.1842961,2847.08794770479
MDA,2017,-0.181840299999999,3453.26727720294
MDA,2018,-0.2383059,4156.44981956646
MDA,2019,-0.1474608,4405.33418162155
MDA,2020,-0.149089399999999,4375.7788930524
MDA,2021,-0.0451684,5274.60582195352
MDA,2022,-0.2465629,5744.29618434435
MDG,2015,-0.526357699999999,445.320069480568
MDG,2016,-0.4661162,453.970714522463
MDG,2017,-0.535016199999999,491.866848718929
MDG,2018,-0.7625617,500.45718552916
MDG,2019,-0.529453,499.818837622534
MDG,2020,-0.574674,450.771615201509
MDG,2021,-0.4612648,483.469463351195
MDG,2022,-0.525026099999999,503.51453347296
MDV,2015,0.0821002,9644.90655028145
MDV,2016,0.079118,9947.80744731739
MDV,2017,-0.0431782999999999,10509.628805812
MDV,2018,-0.135999999999999,11423.2838427029
MDV,2019,-0.0811059,11740.2724029785
MDV,2020,0.2036825,7393.8886543933
MDV,2021,0.4430279,10176.143882547
MDV,2022,0.2721525,11786.0191492983
MEA,2015,,5125.68064083245
MEA,2016,,5126.05331639032
MEA,2017,,5279.47951180077
MEA,2018,,5545.88899607591
MEA,2019,,5412.42875673528
MEA,2020,,4742.76402632259
MEA,2021,,5615.91186098726
MEA,2022,,6430.53553485753
MEX,2015,-0.892263399999999,10021.2386118827
MEX,2016,-0.833912099999999,9097.92397674769
MEX,2017,-1.0455954,9649.27816772402
MEX,2018,-0.927316799999999,10084.7937562021
MEX,2019,-0.8974274,10369.5553585271
MEX,2020,-0.7772933,8841.27075039868
MEX,2021,-0.736204699999999,10314.0506722115
MEX,2022,-0.5890439,11405.7940473759
MHL,2015,1.1425008,3764.34426229508
MHL,2016,0.8824277,4229.80988911945
MHL,2017,1.1385207,4592.83457628576
MHL,2018,1.14243,4858.12079054875
MHL,2019,1.1508696,5292.33985502306
MHL,2020,1.0394581,5661.96787336674
MHL,2021,1.004613,6315.31279603534
MHL,2022,1.2819745,6455.66062185762
MIC,2015,,4602.51682691609
MIC,2016,,4605.60639396078
MIC,2017,,4982.00575599033
MIC,2018,,5248.39737081301
MIC,2019,,5353.79775844374
MIC,2020,,5134.62007912707
MIC,2021,,6007.32308658146
MIC,2022,,6248.00962014697
MKD,2015,-0.2204312,5262.68671928674
MKD,2016,-0.3424451,5598.48622617967
MKD,2017,-0.249481799999999,5955.2973863451
MKD,2018,-0.1184433,6713.98925398989
MKD,2019,0.0391432,6718.85826635458
MKD,2020,0.0891281999999999,6659.59651070776
MKD,2021,0.0908151,7620.80296977508
MKD,2022,0.3218511,7606.2375253797
MLI,2015,-1.5535933,838.11986940103
MLI,2016,-1.5338819,872.468587171653
MLI,2017,-1.71864139999999,924.057531692284
MLI,2018,-1.87828559999999,996.379292136901
MLI,2019,-2.05500729999999,971.949318638092
MLI,2020,-2.0594968,953.242943290974
MLI,2021,-2.3319481,1027.27345365357
MLI,2022,-2.4680844,976.914116406452
MLT,2015,0.9507103,25529.6813337717
MLT,2016,0.9368787,26459.0770929988
MLT,2017,1.082828,30317.2443175543
MLT,2018,1.1121321,33382.2677499267
MLT,2019,0.9193493,32421.9179752262
MLT,2020,0.9914658,31823.4363934505
MLT,2021,0.9318346,38096.8360735119
MLT,2022,0.9316852,35638.8869457406
MMR,2015,-1.123947,1166.73305547935
MMR,2016,-1.01961219999999,1229.19713491328
MMR,2017,-1.24136,1272.82241815234
MMR,2018,-1.29787299999999,1298.21310327675
MMR,2019,-1.3625611,1425.98954241668
MMR,2020,-1.5318775,1490.21683599469
MMR,2021,-2.09394989999999,1242.7213439951
MMR,2022,-2.2412758,1158.05005055976
MNA,2015,,2802.63134980954
MNA,2016,,2863.14057781135
MNA,2017,,2859.85560174494
MNA,2018,,2809.30894215325
MNA,2019,,2695.63342343005
MNA,2020,,2408.49731335268
MNA,2021,,2753.47858029524
MNA,2022,,3015.7557973385
MNE,2015,0.2272366,6421.00307345999
MNE,2016,0.2828464,6968.01539365317
MNE,2017,0.0506422,7674.2813940676
MNE,2018,0.131692,8673.59128084795
MNE,2019,0.1956009,8749.02375172644
MNE,2020,0.0295754,7538.53635992191
MNE,2021,-0.0332398999999999,9317.15520065156
MNE,2022,0.0236518,10024.5435616209
MNG,2015,0.7608377,3838.92126989984
MNG,2016,0.7157785,3619.90026383792
MNG,2017,0.716039,3645.96708669551
MNG,2018,0.7490657,4107.64288528468
MNG,2019,0.7382926,4347.54610314873
MNG,2020,0.7498288,4001.25193077703
MNG,2021,0.7338327,4517.61578018785
MNG,2022,0.6315013,4993.51487463495
MNP,2015,,17665.1007493109
MNP,2016,,24225.474169342
MNP,2017,,31225.6049960968
MNP,2018,,26509.3628379893
MNP,2019,,24496.6652122421
MNP,2020,,18220.8382427201
MNP,2021,,19455.50139424
MNP,2022,,23785.754590043
MOZ,2015,-0.6842917,610.563774706589
MOZ,2016,-1.2808563,441.489734819071
MOZ,2017,-1.06530219999999,470.93856305196
MOZ,2018,-0.798038799999999,517.507260258101
MOZ,2019,-0.8295224,519.09255091362
MOZ,2020,-1.34575129999999,462.433876479921
MOZ,2021,-1.2675269,509.907829475551
MOZ,2022,-1.3208653,578.251663751351
MRT,2015,-0.776510199999999,1554.94897871782
MRT,2016,-0.9065538,1565.76575722696
MRT,2017,-0.7637873,1615.00401327323
MRT,2018,-0.748524899999999,1722.93528854073
MRT,2019,-0.645438,1767.072710621
MRT,2020,-0.6263455,1795.76459566714
MRT,2021,-0.5222228,1947.78918383313
MRT,2022,-0.2992865,1960.35240077424
MTQ,2015,0.8160725,
MTQ,2016,0.8121773,
MTQ,2017,0.8126545,
MTQ,2018,0.8160116,
MTQ,2019,0.6568021,
MTQ,2020,0.4960318,
MTQ,2021,0.4938604,
MTQ,2022,0.497598,
MUS,2015,1.0248107,9630.5437837507
MUS,2016,1.0313567,10095.1225574156
MUS,2017,1.0144918,10986.7034093005
MUS,2018,0.8991856,11818.7480619272
MUS,2019,0.9291254,11568.2533399824
MUS,2020,0.928832,9135.84773751062
MUS,2021,0.9264413,9177.71195973013
MUS,2022,0.8607357,10246.5017455553
MWI,2015,-0.0522558,539.605363240686
MWI,2016,-0.2578002,450.506105510719
MWI,2017,-0.313000899999999,495.769683367165
MWI,2018,-0.3896791,533.202567189331
MWI,2019,-0.2824512,580.889139762475
MWI,2020,-0.0766165999999999,602.507478176106
MWI,2021,-0.102843499999999,617.446994451007
MWI,2022,-0.166924,604.269740360317
MYS,2015,0.0447869,9648.6797937523
MYS,2016,-0.0158376,9476.53409809923
MYS,2017,-0.011848,9862.54806612235
MYS,2018,0.1769644,10901.8019954421
MYS,2019,0.1608892,10920.191763972
MYS,2020,0.1400704,9957.52626697613
MYS,2021,0.196108,10903.1037480772
MYS,2022,0.2483001,11754.5678336248
NAC,2015,,55285.5686917861
NAC,2016,,56112.2253713869
NAC,2017,,58184.8571647569
NAC,2018,,60890.5689258698
NAC,2019,,62874.6117089583
NAC,2020,,61468.3372208474
NAC,2021,,68424.560031595
NAC,2022,,74535.6365392629
NAM,2015,0.7175058,4774.10650865775
NAM,2016,0.6657313,4395.68776162376
NAM,2017,0.6294292,5143.96072323076
NAM,2018,0.6942559,5308.60813408705
NAM,2019,0.5859149,4731.9210318831
NAM,2020,0.5126308,3878.58982993966
NAM,2021,0.5136089,4412.8355693052
NAM,2022,0.3736395,4349.79908493314
NCL,2015,,30858.7237060533
NCL,2016,,30782.8544433514
NCL,2017,,32354.7102832901
NCL,2018,0.9953247,34902.8968780031
NCL,2019,1.0596771,33411.3358835672
NCL,2020,1.0443731,33270.330597637
NCL,2021,1.1123709,35311.5543551452
NCL,2022,1.1152109,33516.363085906
NER,2015,-0.7994889,485.662574175279
NER,2016,-0.944319999999999,502.706475406446
NER,2017,-1.0412801,521.804130023434
NER,2018,-1.1906754,578.568035680892
NER,2019,-1.19014889999999,561.691304349698
NER,2020,-1.502479,579.512495758236
NER,2021,-1.4793091,608.722439593808
NER,2022,-1.299076,609.745147574878
NGA,2015,-1.66777129999999,2585.73360671797
NGA,2016,-1.7100665,2070.4127339595
NGA,2017,-1.90978539999999,1876.34027111773
NGA,2018,-1.8854786,2057.87944554011
NGA,2019,-1.97320729999999,3189.81286498516
NGA,2020,-2.0090379,2797.18458068686
NGA,2021,-2.0135756,2787.48779224428
NGA,2022,-1.9526169,2899.16047470324
NIC,2015,-0.176230399999999,2074.45620634731
NIC,2016,-0.1674906,2131.68704828322
NIC,2017,-0.181501599999999,2182.61380995674
NIC,2018,-1.1119701,2035.16549390507
NIC,2019,-0.944804499999999,1958.62051528095
NIC,2020,-0.5232726,1938.44704754382
NIC,2021,-0.4075357,2138.38588469449
NIC,2022,-0.168460299999999,2322.89053964583
NIU,2015,,
NIU,2016,,
NIU,2017,,
NIU,2018,1.0651969,
NIU,2019,1.3381797,
NIU,2020,1.3898044,
NIU,2021,1.3844083,
NIU,2022,1.3936962,
NLD,2015,0.9118761,45793.8135434697
NLD,2016,0.880799,46808.5291492503
NLD,2017,0.7820237,49513.6817346384
NLD,2018,0.7930988,53955.0770024266
NLD,2019,0.6985452,53554.9007491475
NLD,2020,0.7092891,53467.9277413737
NLD,2021,0.732977,60141.9880911492
NLD,2022,0.6252296,59123.318556487
NOR,2015,1.1710873,74809.9658049898
NOR,2016,1.1454306,70867.3609970749
NOR,2017,1.0956942,76131.8384032764
NOR,2018,1.1115481,82792.8427113304
NOR,2019,1.0766478,76430.5889473338
NOR,2020,1.2049763,68340.0181033702
NOR,2021,1.0721678,93072.8925119571
NOR,2022,0.9197731,109269.520580298
NPL,2015,-1.0154123,875.543635474862
NPL,2016,-0.9210801,877.256454696737
NPL,2017,-0.5502541,1034.28374906846
NPL,2018,-0.495786599999999,1179.19843190389
NPL,2019,-0.4056357,1203.14294706401
NPL,2020,-0.250305599999999,1154.21517578318
NPL,2021,-0.2520173,1252.75076731986
NPL,2022,-0.3755496,1385.91066274851
NRU,2015,1.0147322,7747.25584993607
NRU,2016,1.0101963,8748.15632605428
NRU,2017,0.8241821,9656.97976571484
NRU,2018,0.8079535,11413.7463016389
NRU,2019,0.7595804,10801.7705659635
NRU,2020,0.7590998,10709.068810538
NRU,2021,0.7572142,14979.099896799
NRU,2022,0.9276426,12911.9086441381
NZL,2015,1.4661127,38665.3723018158
NZL,2016,1.4642557,40113.7195382428
NZL,2017,1.4924848,42950.3841711138
NZL,2018,1.4448939,43257.0769238879
NZL,2019,1.3883859,42855.831861632
NZL,2020,1.4605501,41997.7830324279
NZL,2021,1.3569818,49950.4251691316
NZL,2022,1.2327589,49099.7090423358
OED,2015,,35779.9123271942
OED,2016,,36229.3490773616
OED,2017,,37605.270624989
OED,2018,,39552.6956716291
OED,2019,,39708.8864576635
OED,2020,,38597.246423496
OED,2021,,43027.7494275706
OED,2022,,43950.173710934
OMN,2015,0.6155394,18808.3077921839
OMN,2016,0.5065831,17110.1897460545
OMN,2017,0.5468563,17820.0661809335
OMN,2018,0.5392522,19901.7615642016
OMN,2019,0.5167644,19180.1864152801
OMN,2020,0.468834,16784.8630630058
OMN,2021,0.3902352,19403.4600160211
OMN,2022,0.4399615,23223.5829405935
OSS,2015,,10359.1182462574
OSS,2016,,10813.3826960431
OSS,2017,,11950.9740553004
OSS,2018,,13025.990833966
OSS,2019,,12907.6162560274
OSS,2020,,11770.4564127379
OSS,2021,,13717.0894877353
OSS,2022,,14320.7706776288
PAK,2015,-2.4299435,1380.47020838317
PAK,2016,-2.3350493,1424.69161195897
PAK,2017,-2.2184098,1519.23459514248
PAK,2018,-1.9857782,1569.33814626355
PAK,2019,-1.9293422,1390.41690981745
PAK,2020,-1.5881564,1278.39735206896
PAK,2021,-1.6496402,1455.31922370186
PAK,2022,-1.7555938,1538.3228133171
PAN,2015,0.4833108,14082.6548434996
PAN,2016,0.4612991,14832.3611652459
PAN,2017,0.457992,15694.6297518495
PAN,2018,0.364313,16151.3273433486
PAN,2019,0.399288,16477.9066268111
PAN,2020,0.3368353,13290.5608397749
PAN,2021,0.3538332,15509.8069124139
PAN,2022,0.428471,17378.6070017557
PER,2015,-0.321351999999999,6231.71150338894
PER,2016,-0.1794896,6217.03599995447
PER,2017,-0.2242779,6736.16693725487
PER,2018,-0.1689403,6978.49121548627
PER,2019,-0.0888854999999999,7037.00803692604
PER,2020,-0.2963963,6133.32552410183
PER,2021,-0.334168099999999,6826.20255614477
PER,2022,-0.6566212,7350.63034300417
PHL,2015,-0.926818599999999,2909.85818010301
PHL,2016,-1.4376683,2985.19564024046
PHL,2017,-1.2792545,3038.12124959289
PHL,2018,-1.06677739999999,3168.51036609727
PHL,2019,-1.0094929,3400.78949767074
PHL,2020,-0.9415427,3227.57910235199
PHL,2021,-1.0935816,3484.38593882819
PHL,2022,-0.899042399999999,3548.06930572116
PLW,2015,0.9559309,16154.0532152373
PLW,2016,0.951395,17150.4759377239
PLW,2017,1.1385207,16401.7847567871
PLW,2018,1.14243,16166.9671073752
PLW,2019,1.1436032,15846.7968470167
PLW,2020,1.1429587,14708.2119536914
PLW,2021,1.1404301,13009.2481630213
PLW,2022,1.2446282,13729.7602761496
PNG,2015,-0.693792299999999,2484.5963398603
PNG,2016,-0.757626799999999,2316.39479758492
PNG,2017,-0.8689907,2477.76530986323
PNG,2018,-0.7969145,2566.36833735041
PNG,2019,-0.799196999999999,2575.77274140393
PNG,2020,-0.768714799999999,2429.61134585269
PNG,2021,-0.747625099999999,2607.57861874444
PNG,2022,-0.6856785,3102.28968594061
POL,2015,1.0637346,12637.5220324406
POL,2016,0.5712287,12464.0110508476
POL,2017,0.6020499,13913.3402919927
POL,2018,0.630199,15658.2120316794
POL,2019,0.6735951,15874.5220531254
POL,2020,0.5545247,16150.9304813473
POL,2021,0.5651963,18635.5104895754
POL,2022,0.537484,18891.2121169279
PRE,2015,,1524.98608713796
PRE,2016,,1316.74567214685
PRE,2017,,1338.96011884626
PRE,2018,,1449.85562070843
PRE,2019,,1681.19065754666
PRE,2020,,1496.33767488397
PRE,2021,,1594.14229813292
PRE,2022,,1770.15579032782
PRI,2015,0.642722,29242.041465085
PRI,2016,0.4983548,29978.0889268918
PRI,2017,0.4048918,30328.479490518
PRI,2018,0.3034965,30679.9181934488
PRI,2019,0.1081481,31830.5284993358
PRI,2020,0.3722414,31427.1130762831
PRI,2021,0.4249881,32619.0704601174
PRI,2022,0.3070682,35353.6821570014
PRK,2015,-1.0064947,
PRK,2016,-0.4555063,
PRK,2017,-0.3543859,
PRK,2018,-0.275313,
PRK,2019,-0.187036099999999,
PRK,2020,-0.187350699999999,
PRK,2021,-0.1983915,
PRK,2022,0.2686785,
PRT,2015,1.0004341,19215.7813014347
PRT,2016,0.9588082,19980.2808866516
PRT,2017,1.054818,21442.3842768879
PRT,2018,1.0917404,23541.1401075289
PRT,2019,0.9941251,23343.3628970034
PRT,2020,0.9830461,22299.4044062173
PRT,2021,0.9584396,24711.4510062111
PRT,2022,0.8869409,24620.5197587181
PRY,2015,0.0826536,5879.33792308762
PRY,2016,0.0944783,5775.15963399596
PRY,2017,-0.0283019999999999,6152.2671153779
PRY,2018,-0.0337829,6258.44991640984
PRY,2019,0.0355269,5821.18199548738
PRY,2020,0.0082817,5365.47220721104
PRY,2021,-0.0550381999999999,5976.93179789949
PRY,2022,-0.0659073999999999,6205.62595379319
PSE,2015,-1.7310474,3272.15432360708
PSE,2016,-1.69362899999999,3527.61382413178
PSE,2017,-1.3682541,3620.36048715937
PSE,2018,-1.46491939999999,3562.33094270256
PSE,2019,-1.523121,3656.85827137011
PSE,2020,-1.7401966,3233.56863835858
PSE,2021,-1.6333144,3678.63565662194
PSE,2022,-1.5318512,3799.95527015163
PSS,2015,,3722.7745565917
PSS,2016,,3856.70459060951
PSS,2017,,4099.79965867267
PSS,2018,,4247.0901276249
PSS,2019,,4136.34140894161
PSS,2020,,3592.04110507296
PSS,2021,,3600.81254375167
PSS,2022,,3896.81060847355
PST,2015,,40775.9479386213
PST,2016,,41502.2222895522
PST,2017,,43114.2688521392
PST,2018,,45535.8018785923
PST,2019,,45840.3536114764
PST,2020,,44743.738932431
PST,2021,,49855.2269396596
PST,2022,,50969.801641014
PYF,2015,,19166.9594761931
PYF,2016,,19690.0775734589
PYF,2017,,20826.9312492172
PYF,2018,,21925.616043938
PYF,2019,0.9033343,21582.5892046801
PYF,2020,0.9517964,19966.4838503859
PYF,2021,1.0386429,21426.3854449835
PYF,2022,1.0479309,20053.9569369322
QAT,2015,0.9673463,68985.2433380102
QAT,2016,0.8292355,61253.6217997091
QAT,2017,0.8357284,63279.8767486216
QAT,2018,0.8707185,71039.9308240078
QAT,2019,0.882266,66841.3623185691
QAT,2020,0.8905079,51683.5681078949
QAT,2021,0.9259515,71751.9363398856
QAT,2022,0.9163182,88701.4689763536
REU,2015,0.2943098,
REU,2016,0.2884358,
REU,2017,0.2891555,
REU,2018,0.294218,
REU,2019,0.2957374,
REU,2020,0.2949028,
REU,2021,0.2916282,
REU,2022,0.2972645,
ROU,2015,0.3468551,8977.01748158196
ROU,2016,0.3246759,9404.54005870715
ROU,2017,0.1382404,10727.9822007426
ROU,2018,0.1435505,12416.134317959
ROU,2019,0.64527,12909.6104013244
ROU,2020,0.6180826,13009.1770573223
ROU,2021,0.6671952,14907.9803652143
ROU,2022,0.5499041,15503.551804598
RUS,2015,-0.7905888,9277.7138671875
RUS,2016,-0.7684605,8663.158203125
RUS,2017,-0.5386198,10658.9130859375
RUS,2018,-0.3681038,11211.8876953125
RUS,2019,-0.3986491,11447.701171875
RUS,2020,-0.5068977,10108.3271484375
RUS,2021,-0.5061895,12425.029296875
RUS,2022,-0.740939599999999,15619.6142578125
RWA,2015,0.0986635999999999,733.998629882494
RWA,2016,-0.0457773,729.519133812945
RWA,2017,0.094453,758.300966509647
RWA,2018,0.1598446,771.773511207309
RWA,2019,0.121607,810.051412137354
RWA,2020,0.1600853,778.701498925026
RWA,2021,0.115233,829.544845263697
RWA,2022,0.0294569,975.469323735369
SAS,2015,,1570.54142462917
SAS,2016,,1722.90703415144
SAS,2017,,1956.06707554186
SAS,2018,,1988.3663331799
SAS,2019,,2067.05975687637
SAS,2020,,1957.20343722686
SAS,2021,,2273.72055798689
SAS,2022,,2385.08341896271
SAU,2015,-0.4683535,23256.1549553531
SAU,2016,-0.5059085,22267.7217050387
SAU,2017,-0.667506399999999,23929.2907135982
SAU,2018,-0.5983975,29360.0658968566
SAU,2019,-0.5528727,29566.7933827436
SAU,2020,-0.5528267,24338.8307301067
SAU,2021,-0.4672131,31920.7653655643
SAU,2022,-0.3617761,38510.2276211037
SDN,2015,-2.0365601,1292.37963867188
SDN,2016,-2.16225439999999,1033.21594238281
SDN,2017,-1.9473364,966.505676269531
SDN,2018,-1.71645009999999,731.027465820313
SDN,2019,-1.65533209999999,709.975280761719
SDN,2020,-1.3881394,577.795227050781
SDN,2021,-1.7826483,712.122009277344
SDN,2022,-1.92571989999999,1046.24084472656
SEN,2015,-0.0746024,1218.00613555438
SEN,2016,-0.222101599999999,1266.43957151587
SEN,2017,-0.1422197,1356.80518449031
SEN,2018,-0.1420966,1452.55612562445
SEN,2019,0.0630715999999999,1431.18128932159
SEN,2020,-0.0271012,1461.08720350553
SEN,2021,-0.1040585,1598.10676952274
SEN,2022,-0.2028622,1574.0281059306
SGP,2015,1.1123429,55645.6068614606
SGP,2016,1.2788614,57005.5887176547
SGP,2017,1.3859813,61236.251270627
SGP,2018,1.2994328,66881.6067035265
SGP,2019,1.2580714,65952.0378959293
SGP,2020,1.2855556,61410.0792630788
SGP,2021,1.2816641,80056.1288247844
SGP,2022,1.164789,90299.0694637269
SLB,2015,0.6020153,2045.47721526649
SLB,2016,0.360596,2082.62383124213
SLB,2017,0.1156377,2143.57670489272
SLB,2018,0.3816525,2278.19908624102
SLB,2019,0.4195676,2223.65890942466
SLB,2020,0.5368126,2063.32780991967
SLB,2021,0.4456005,2043.44413170658
SLB,2022,0.7315157,1877.78104490956
SLE,2015,-0.0242965,964.575980888989
SLE,2016,-0.2703676,844.416411175476
SLE,2017,-0.1470976,779.186007841728
SLE,2018,-0.2065515,845.914540460932
SLE,2019,-0.1611098,843.712517809977
SLE,2020,-0.366900299999999,845.277557920549
SLE,2021,-0.2367225,885.396401885395
SLE,2022,-0.265426899999999,860.371067916096
SLV,2015,-0.1411131,3790.34089108162
SLV,2016,-0.2511021,3901.34014965811
SLV,2017,-0.3360373,4020.12671373919
SLV,2018,-0.420064599999999,4183.54620971358
SLV,2019,-0.2138062,4320.11671534627
SLV,2020,-0.1497936,3997.19279583709
SLV,2021,-0.222007099999999,4642.60743101342
SLV,2022,-0.0998814,5074.60210221806
SMR,2015,1.3290711,43146.8240435428
SMR,2016,1.3245352,44359.4797662688
SMR,2017,1.3250909,45192.0279766943
SMR,2018,1.3290002,47950.6880557136
SMR,2019,1.2066984,46630.1443120725
SMR,2020,1.2062355,44326.9556746411
SMR,2021,1.2044193,54176.4798021628
SMR,2022,1.3786309,54190.8417700372
SOM,2015,-2.2815589,445.583080073396
SOM,2016,-2.2701767,460.928490585175
SOM,2017,-2.022776,510.939952317726
SOM,2018,-2.06147769999999,509.497273804534
SOM,2019,-2.0704895,539.954816211694
SOM,2020,-2.3507544,518.16113333875
SOM,2021,-2.60696149999999,549.056994756254
SOM,2022,-2.092858,573.141165798229
SRB,2015,0.2787874,5820.3215576888
SRB,2016,0.1629002,5982.37030126471
SRB,2017,0.1168497,6548.03653824187
SRB,2018,0.1163728,7559.86165747394
SRB,2019,0.0620767,7755.632986437
SRB,2020,-0.0681568,8098.70955668849
SRB,2021,-0.0436914,9680.52798074468
SRB,2022,-0.0525867,10024.8191112596
SSA,2015,,1763.27463036367
SSA,2016,,1545.27948291265
SSA,2017,,1641.39239957439
SSA,2018,,1718.42346098448
SSA,2019,,1907.22499436387
SSA,2020,,1716.50863861427
SSA,2021,,1885.48155965903
SSA,2022,,1963.80330032374
SSD,2015,-2.2792733,1080.14718624765
SSD,2016,-2.33343,
SSD,2017,-2.44555199999999,
SSD,2018,-2.3307387,
SSD,2019,-2.39114589999999,
SSD,2020,-2.1055063,
SSD,2021,-2.21948739999999,
SSD,2022,-1.6425543,
SSF,2015,,1646.44941139316
SSF,2016,,1455.03525304571
SSF,2017,,1546.91774199323
SSF,2018,,1620.54140805919
SSF,2019,,1795.5612786554
SSF,2020,,1627.34569596297
SSF,2021,,1785.46664916614
SSF,2022,,1865.11635260699
SST,2015,,10446.850341907
SST,2016,,10486.2161094903
SST,2017,,11304.5050810878
SST,2018,,12057.788581183
SST,2019,,11990.4670996465
SST,2020,,10723.093901861
SST,2021,,12428.6087674544
SST,2022,,13636.4661190787
STP,2015,0.3792166,1298.10946596396
STP,2016,0.2641856,1434.87018050521
STP,2017,0.2145007,1555.79477812888
STP,2018,0.4666013,1825.59971753966
STP,2019,0.5232443,1935.2931816596
STP,2020,0.4748721,2167.22001796925
STP,2021,0.6052679,2362.58827248102
STP,2022,0.4930734,2389.73729784737
SUR,2015,0.2981115,8813.61705392067
SUR,2016,0.1759261,5644.2061057532
SUR,2017,0.1667453,6049.52128553675
SUR,2018,0.1496981,6665.74180472239
SUR,2019,0.1321528,6629.66775248603
SUR,2020,0.4628889,4755.39221710693
SUR,2021,0.3607899,5029.84838543953
SUR,2022,0.2466594,6084.43876736445
SVK,2015,0.944233,16442.0760860018
SVK,2016,0.7354497,16636.0769133073
SVK,2017,0.8542516,17645.5298716761
SVK,2018,0.7129564,19573.3717031314
SVK,2019,0.6744971,19406.0589683582
SVK,2020,0.6167177,19735.4858280801
SVK,2021,0.5857562,22123.3342114545
SVK,2022,0.5294743,21317.7943982363
SVN,2015,1.0294179,20697.2748530619
SVN,2016,1.0204175,21447.8377796036
SVN,2017,0.9455099,23303.077705959
SVN,2018,0.9840178,25888.0481065655
SVN,2019,0.9481029,25814.1687167572
SVN,2020,0.7478672,25392.0651093612
SVN,2021,0.7356372,29192.8401933019
SVN,2022,0.7749516,28360.3041467268
SWE,2015,0.9288589,51188.1652120493
SWE,2016,0.9187513,51703.5088332851
SWE,2017,0.8668924,53210.2233318965
SWE,2018,0.928959,54018.4554391861
SWE,2019,0.9427192,51648.9892820514
SWE,2020,0.955794,52568.5726980146
SWE,2021,0.9471541,60647.5416365347
SWE,2022,0.9419053,54836.8907235124
SWZ,2015,-0.4462561,3419.82276559528
SWZ,2016,-0.4484062,3238.17611961364
SWZ,2017,-0.380332699999999,3853.09956569679
SWZ,2018,-0.5468116,3972.65450620357
SWZ,2019,-0.3182636,3913.14577547336
SWZ,2020,-0.1948628,3466.56936278145
SWZ,2021,-0.428643699999999,3984.00229174306
SWZ,2022,-0.400835,3894.1620089869
SXM,2015,,37839.6283815163
SXM,2016,,37308.6147795736
SXM,2017,,34701.3058494468
SXM,2018,,31708.3110124742
SXM,2019,,34861.469528968
SXM,2020,,30150.8998380477
SXM,2021,,32548.4366854902
SXM,2022,,37793.1284399157
SYC,2015,0.7647495,15333.1051727105
SYC,2016,0.7625994,16566.9946042294
SYC,2017,0.813523,17480.3651911372
SYC,2018,0.7800693,18440.2340460932
SYC,2019,0.6921848,19141.5118743615
SYC,2020,0.727409,14041.4754074575
SYC,2021,0.7262104,14982.9111487767
SYC,2022,0.8411889,16836.6721895387
SYR,2015,-2.4382136,847.731631942565
SYR,2016,-2.5955347,656.3490586313
SYR,2017,-2.4453795,851.502005254153
SYR,2018,-2.4238579,1098.0668642357
SYR,2019,-2.4527063,1109.53926036049
SYR,2020,-2.35367569999999,572.355289831901
SYR,2021,-2.37452369999999,663.614245706815
SYR,2022,-2.43824749999999,1051.67149587463
TCA,2015,,29457.0140691162
TCA,2016,,31373.5612684327
TCA,2017,,30014.2309523213
TCA,2018,,31625.616593277
TCA,2019,,31780.5217068989
TCA,2020,,20690.9160546118
TCA,2021,,27329.2885087196
TCA,2022,,31280.5418020808
TCD,2015,-1.1227573,993.990730610869
TCD,2016,-1.34170719999999,861.831767630746
TCD,2017,-1.36771589999999,854.46120040098
TCD,2018,-1.3603311,948.656629871231
TCD,2019,-1.4521212,893.336441643325
TCD,2020,-1.4524146,866.947814890409
TCD,2021,-1.689273,946.358500208374
TCD,2022,-1.6491593,966.036468278568
TEA,2015,,6664.48834577557
TEA,2016,,6758.74365728701
TEA,2017,,7323.51364847919
TEA,2018,,8136.37041895137
TEA,2019,,8379.36503263574
TEA,2020,,8485.32855185979
TEA,2021,,10086.4176067356
TEA,2022,,10220.4774431567
TEC,2015,,8009.61874995558
TEC,2016,,7659.54924391363
TEC,2017,,8575.46129195764
TEC,2018,,8911.87742979014
TEC,2019,,9058.74177112172
TEC,2020,,8478.35038656806
TEC,2021,,10014.5108823837
TEC,2022,,11421.1364427001
TGO,2015,-0.411126999999999,751.051987587248
TGO,2016,-0.280199,772.581357620609
TGO,2017,-0.835878399999999,792.765700965864
TGO,2018,-0.8728328,851.120561233595
TGO,2019,-0.8504632,826.255209019798
TGO,2020,-0.8075061,863.468665870276
TGO,2021,-0.6682329,962.075187515872
TGO,2022,-0.760395399999999,951.232378690387
THA,2015,-1.156024,5688.85335397884
THA,2016,-1.12638439999999,5833.57715617098
THA,2017,-0.984692599999999,6413.09182530343
THA,2018,-0.979869,7099.77650081458
THA,2019,-0.588531399999999,7605.69657797759
THA,2020,-0.7333386,6985.64393892574
THA,2021,-0.6963747,7057.20754802279
THA,2022,-0.5671596,6909.35281815827
TJK,2015,-0.744602299999999,956.916310930656
TJK,2016,-0.7460947,788.710481734485
TJK,2017,-0.6533475,829.45714764957
TJK,2018,-0.672519099999999,834.288404578801
TJK,2019,-0.4236664,871.022372934846
TJK,2020,-0.3288928,834.311715460625
TJK,2021,-0.3984715,896.748053372182
TJK,2022,-0.4282098,1052.17949484894
TKM,2015,-0.126391199999999,5759.497903834
TKM,2016,-0.2753346,5686.98040962764
TKM,2017,-0.2289187,5828.4816623489
TKM,2018,-0.1316848,6125.05169712085
TKM,2019,-0.2189823,5998.0017434754
TKM,2020,-0.1270103,5972.72356566861
TKM,2021,-0.224582999999999,5723.30227157906
TKM,2022,0.2106842,5837.84224538947
TLA,2015,,8404.37747196218
TLA,2016,,8082.02330614142
TLA,2017,,8918.30251254156
TLA,2018,,8620.46890240755
TLA,2019,,8362.63429845968
TLA,2020,,6964.3711102796
TLA,2021,,8075.78816650564
TLA,2022,,9174.55690452428
TLS,2015,-0.427259699999999,1319.59295003154
TLS,2016,-0.1166,1335.54391073349
TLS,2017,0.0703179999999999,1266.17771143471
TLS,2018,0.2487237,1219.46599728983
TLS,2019,0.2676531,1562.36458068032
TLS,2020,0.2673205,1630.86938521256
TLS,2021,0.2660158,2684.92676774277
TLS,2022,0.4239118,2343.24954740187
TMN,2015,,2799.45441811583
TMN,2016,,2858.61689096826
TMN,2017,,2854.66192638041
TMN,2018,,2804.12633142444
TMN,2019,,2688.96932958269
TMN,2020,,2402.73480964452
TMN,2021,,2746.96809945183
TMN,2022,,3010.19656726913
TON,2015,0.9379016,4123.90323993332
TON,2016,0.9346438,3987.98626206287
TON,2017,0.8010403,4365.92932788383
TON,2018,0.8562319,4675.04791274385
TON,2019,1.0102973,4788.83342304684
TON,2020,1.1156731,4792.35854741522
TON,2021,1.111896,4922.80171378368
TON,2022,1.3674794,5298.01941509951
TSA,2015,,1570.54142462917
TSA,2016,,1722.90703415144
TSA,2017,,1956.06707554186
TSA,2018,,1988.3663331799
TSA,2019,,2067.05975687637
TSA,2020,,1957.20343722686
TSA,2021,,2273.72055798689
TSA,2022,,2385.08341896271
TSS,2015,,1646.44941139316
TSS,2016,,1455.03525304571
TSS,2017,,1546.91774199323
TSS,2018,,1620.54140805919
TSS,2019,,1795.5612786554
TSS,2020,,1627.34569596297
TSS,2021,,1785.46664916614
TSS,2022,,1865.11635260699
TTO,2015,0.0718896,19887.2327716498
TTO,2016,0.0441046,17449.1538801956
TTO,2017,0.0748617,17566.0999700656
TTO,2018,0.1156046,17571.498737278
TTO,2019,0.0986674999999999,17212.6128892163
TTO,2020,0.059501,15283.6270531554
TTO,2021,0.1561926,17712.5674104655
TTO,2022,0.3498483,20750.5202434652
TUN,2015,-0.681206,4014.94773686432
TUN,2016,-0.8275855,3847.80354448809
TUN,2017,-0.7432926,3619.03247319953
TUN,2018,-0.5600278,3628.10366464236
TUN,2019,-0.5613583,3528.87213306798
TUN,2020,-0.4326193,3548.65363663803
TUN,2021,-0.6668946,3906.93926319391
TUN,2022,-0.7395623,3707.29283414381
TUR,2015,-1.10934889999999,11064.6494504662
TUR,2016,-1.7801696,10984.3643169061
TUR,2017,-1.70623179999999,10756.3877677883
TUR,2018,-1.1241116,9684.11819884721
TUR,2019,-1.1924541,9395.23378001368
TUR,2020,-1.0396051,8798.11791709313
TUR,2021,-0.9721057,9981.76398411336
TUR,2022,-0.935033599999999,10897.8397861365
TUV,2015,1.3290711,3357.83417700071
TUV,2016,1.3245352,3808.69755015909
TUV,2017,1.1385207,4165.66338700106
TUV,2018,1.3290002,4466.12034928245
TUV,2019,1.1436032,5115.13075950206
TUV,2020,1.234863,4976.11254109571
TUV,2021,1.2851524,5905.08198095343
TUV,2022,1.4735212,5911.32727055301
TWN,2015,1.0740405,
TWN,2016,1.0323174,
TWN,2017,1.0259424,
TWN,2018,1.0213324,
TWN,2019,1.0164038,
TWN,2020,1.0701128,
TWN,2021,1.056929,
TWN,2022,1.0311975,
TZA,2015,-0.476783499999999,939.127319335938
TZA,2016,-0.537573,953.0107421875
TZA,2017,-0.683829799999999,986.674011230469
TZA,2018,-0.664168099999999,1023.10626220703
TZA,2019,-0.5522151,1063.32250976563
TZA,2020,-0.6629379,1117.41528320313
TZA,2021,-0.5751002,1159.85656738281
TZA,2022,-0.4815853,1207.52062988281
UGA,2015,-0.7914315,862.934610355811
UGA,2016,-0.8144743,752.696571725656
UGA,2017,-0.6855171,765.218332297361
UGA,2018,-0.7395762,792.16570022814
UGA,2019,-0.7746479,822.171150036357
UGA,2020,-0.842814499999999,845.766463890124
UGA,2021,-0.9440307,882.791717542504
UGA,2022,-1.0920608,963.067314117178
UKR,2015,-1.8064426,2094.47387695313
UKR,2016,-1.6309394,2158.46118164063
UKR,2017,-1.590004,2604.28759765625
UKR,2018,-1.4461552,3059.0517578125
UKR,2019,-1.0320239,3619.86157226563
UKR,2020,-0.9599236,3709.76928710938
UKR,2021,-0.990563099999999,4775.94580078125
UKR,2022,-1.05075649999999,4199.6708984375
UMC,2015,,7435.76486473308
UMC,2016,,7413.22237473365
UMC,2017,,8064.20583627107
UMC,2018,,8569.23675625056
UMC,2019,,8657.73234539015
UMC,2020,,8346.18727671435
UMC,2021,,9918.69947746711
UMC,2022,,10324.5193124329
URY,2015,1.0884414,17125.9016800298
URY,2016,1.1217056,17009.7584207276
URY,2017,1.1129983,19184.6502617082
URY,2018,1.1130252,19249.9404677501
URY,2019,1.1553614,18315.7316980028
URY,2020,1.1512208,15757.5355995779
URY,2021,1.1500797,17881.818721099
URY,2022,1.3035622,20818.6146091144
USA,2015,0.6658794,56572.9188996063
USA,2016,0.3279152,57638.1018367192
USA,2017,0.1101294,59635.0984397965
USA,2018,0.2904961,62499.8744390068
USA,2019,0.0546375,64746.4506778863
USA,2020,-0.146807,63515.9491807833
USA,2021,-0.126399999999999,70205.050916026
USA,2022,-0.1626087,76657.2488844403
UZB,2015,-0.3053458,2803.19018021751
UZB,2016,-0.2080446,2753.37951427589
UZB,2017,-0.2138791,2190.60411562888
UZB,2018,-0.2119487,1813.08530813664
UZB,2019,-0.2167593,2041.38480729431
UZB,2020,-0.3614058,1978.28051860763
UZB,2021,-0.221247,2258.51964119278
UZB,2022,-0.2325524,2578.66689394219
VCT,2015,0.9161633,7353.73556054184
VCT,2016,0.9130972,7656.90042881178
VCT,2017,0.7873576,7988.04445019298
VCT,2018,0.7900001,8428.12677153069
VCT,2019,0.9169085,8740.59425232061
VCT,2020,1.0425879,8351.20324040982
VCT,2021,1.0408786,8641.27904024443
VCT,2022,1.0438207,9693.55867833025
VEN,2015,-1.1927697,4103.1384987005
VEN,2016,-1.2150045,3670.15737848208
VEN,2017,-1.38006459999999,3791.33160682077
VEN,2018,-1.4649999,3422.65467014854
VEN,2019,-1.5120562,2523.11275230667
VEN,2020,-1.4257071,1506.0436210041
VEN,2021,-1.2895082,2004.93397949792
VEN,2022,-1.1268117,3155.04207099687
VGB,2015,,
VGB,2016,,
VGB,2017,,
VGB,2018,,
VGB,2019,,
VGB,2020,,
VGB,2021,,
VGB,2022,,
VIR,2015,1.2251811,34007.3529411765
VIR,2016,0.8121773,35324.9748874586
VIR,2017,0.8126545,35365.0693039774
VIR,2018,0.8160116,36663.2087550584
VIR,2019,0.977236,38633.5298915336
VIR,2020,0.9766825,39787.3741650202
VIR,2021,0.5654024,42571.0777368471
VIR,2022,0.9782486,44320.909185774
VNM,2015,0.0681785999999999,2577.56885340113
VNM,2016,0.1824971,2735.0604380416
VNM,2017,0.1500179,2956.10992127753
VNM,2018,-0.0542592999999999,3222.31003125366
VNM,2019,0.0916744999999999,3440.90025375434
VNM,2020,0.1302346,3534.03953482647
VNM,2021,0.1345844,3704.1935590038
VNM,2022,0.1227944,4147.69777213621
VUT,2015,0.6849315,2854.89412272653
VUT,2016,0.6867152,2956.12644801489
VUT,2017,0.8525004,3159.86055790126
VUT,2018,1.021257,3206.65748718811
VUT,2019,1.0281545,3207.44650452083
VUT,2020,0.9435444,3042.98711598286
VUT,2021,0.9586235,3107.20312858002
VUT,2022,0.9784231,3370.21191956953
WLD,2015,,10161.9445773233
WLD,2016,,10204.9287763386
WLD,2017,,10747.764306505
WLD,2018,,11309.3830773178
WLD,2019,,11376.0818134476
WLD,2020,,10937.6846205191
WLD,2021,,12390.6686716727
WLD,2022,,12798.1658465319
WSM,2015,1.071904,4084.36083819933
WSM,2016,1.0686461,4147.07097674888
WSM,2017,1.0690453,4307.59381964907
WSM,2018,0.9953036,4231.81409469194
WSM,2019,1.1468478,4351.94234943706
WSM,2020,1.1753028,4099.59660548583
WSM,2021,1.1396511,4021.55934894283
WSM,2022,1.2343417,4132.44717734444
XKX,2015,-0.2170007,3520.62850699375
XKX,2016,-0.2852683,3759.44959067104
XKX,2017,-0.1718171,4009.32022050863
XKX,2018,-0.4135898,4384.18796444738
XKX,2019,-0.106046099999999,4415.99923011071
XKX,2020,-0.0844029999999999,4310.88963754863
XKX,2021,0.0010881,5270.43236861018
XKX,2022,-0.0510421999999999,5290.95006509706
YEM,2015,-2.52514609999999,1362.1738120601
YEM,2016,-2.6405037,975.359417003225
YEM,2017,-2.7305026,811.165970405745
YEM,2018,-2.7242925,633.887202451545
YEM,2019,-2.6172209,
YEM,2020,-2.65635899999999,
YEM,2021,-2.6676713,
YEM,2022,-2.61245769999999,
ZAF,2015,-0.3104761,6112.27382485974
ZAF,2016,-0.3379116,5651.20585165749
ZAF,2017,-0.3828321,6618.33508255701
ZAF,2018,-0.299383199999999,6914.1780318076
ZAF,2019,-0.338256499999999,6533.71121032856
ZAF,2020,-0.2489513,5580.60383075189
ZAF,2021,-0.7738081,6828.75624590017
ZAF,2022,-0.6842882,6534.24867783397
ZMB,2015,0.0822748,1295.87788680068
ZMB,2016,-0.2072561,1239.08527877713
ZMB,2017,-0.211101999999999,1483.46577328065
ZMB,2018,-0.2916638,1463.89997855593
ZMB,2019,-0.3690652,1258.98619844462
ZMB,2020,-0.3679359,951.644316655957
ZMB,2021,-0.158277199999999,1127.16077872857
ZMB,2022,0.0456326,1447.12310138035
ZWE,2015,-0.856518799999999,1387.12632595026
ZWE,2016,-0.9112005,1408.13945253431
ZWE,2017,-0.8348774,3445.44941020134
ZWE,2018,-0.824492,2270.89531874302
ZWE,2019,-0.984582,2184.32923855469
ZWE,2020,-1.0459616,2059.67445384499
ZWE,2021,-1.0184197,2613.60542083552
ZWE,2022,-0.8261001,2536.40050223076
