diff_political_stability,diff_gdp_per_capita,diff_conflict_intensity,diff_elo_elo,diff_pdi,diff_idv,diff_mas,diff_uai,diff_lto,diff_ivr,diff_happiness_score,diff_is_host,diff_is_defending_champion,diff_legacy_weight,y
0.0,0.0,0.0,36.59994975944437,0.0,0.0,0.0,0.0,0.0,0.0,0.0,0.0,0.0,0.0,3
0.0,0.0,0.0,64.54393724907595,40.0,91.0,62.0,46.0,26.0,68.0,6.725,0.0,0.0,0.0,3
0.0,0.0,0.0,19.78550563658382,0.0,0.0,0.0,0.0,0.0,0.0,0.0,0.0,0.0,0.0,1
0.0,0.0,0.0,41.37091177820639,0.0,0.0,0.0,0.0,0.0,0.0,0.0,0.0,0.0,0.0,2
0.0,0.0,0.0,80.24805393360975,0.0,0.0,0.0,0.0,0.0,0.0,0.0,0.0,0.0,0.0,1
0.0,0.0,0.0,76.49080670078524,0.0,0.0,0.0,0.0,0.0,0.0,0.0,0.0,0.0,0.0,3
0.0,0.0,0.0,61.5596430550911,0.0,0.0,0.0,0.0,0.0,0.0,0.0,0.0,0.0,0.0,4
0.0,0.0,0.0,19.932944385313704,40.0,91.0,62.0,46.0,26.0,68.0,6.725,0.0,0.0,0.0,3
0.0,0.0,0.0,127.81597890965895,0.0,0.0,0.0,0.0,0.0,0.0,0.0,1.0,0.0,0.0,1
0.0,0.0,0.0,39.89085694134087,0.0,0.0,0.0,0.0,0.0,0.0,0.0,0.0,0.0,0.0,1
0.0,0.0,0.0,116.84800369305412,0.0,0.0,0.0,0.0,0.0,0.0,0.0,0.0,0.0,0.0,3
0.0,0.0,0.0,41.77413741850728,0.0,0.0,0.0,0.0,0.0,0.0,0.0,0.0,0.0,0.0,4
0.0,0.0,0.0,44.61099286376225,0.0,0.0,0.0,0.0,0.0,0.0,0.0,0.0,0.0,0.0,1
0.0,0.0,0.0,86.44506713145256,0.0,0.0,0.0,0.0,0.0,0.0,0.0,1.0,0.0,0.0,4
0.0,0.0,0.0,40.35719699226888,0.0,0.0,0.0,0.0,0.0,0.0,0.0,0.0,0.0,0.0,2
0.0,0.0,0.0,37.11103702476066,-40.0,-91.0,-62.0,-46.0,-26.0,-68.0,-6.725,0.0,0.0,0.0,5
0.0,0.0,0.0,66.39074440133481,0.0,0.0,0.0,0.0,0.0,0.0,0.0,1.0,0.0,0.0,5
0.0,0.0,0.0,27.713840905216784,0.0,0.0,0.0,0.0,0.0,0.0,0.0,1.0,0.0,0.0,2
0.0,0.0,0.0,39.63533296874425,0.0,0.0,0.0,0.0,0.0,0.0,0.0,0.0,0.0,0.0,1
0.0,0.0,0.0,64.29139956185281,0.0,0.0,0.0,0.0,0.0,0.0,0.0,0.0,0.0,0.0,1
0.0,0.0,0.0,102.16194399307142,0.0,0.0,0.0,0.0,0.0,0.0,0.0,0.0,0.0,0.0,3
0.0,0.0,0.0,21.46135460799178,0.0,0.0,0.0,0.0,0.0,0.0,0.0,0.0,0.0,0.0,2
0.0,0.0,0.0,83.38688238917416,-40.0,-91.0,-62.0,-46.0,-26.0,-68.0,-6.725,1.0,0.0,0.0,6
0.0,0.0,0.0,28.787851089993865,0.0,0.0,0.0,0.0,0.0,0.0,0.0,0.0,0.0,0.0,2
0.0,0.0,0.0,-27.961257240631994,0.0,0.0,0.0,0.0,0.0,0.0,0.0,0.0,0.0,0.0,1
0.0,0.0,0.0,21.59524908197386,0.0,0.0,0.0,0.0,0.0,0.0,0.0,0.0,0.0,0.0,1
0.0,0.0,0.0,-1.7861562048922224,0.0,0.0,0.0,0.0,0.0,0.0,0.0,0.0,0.0,0.0,1
0.0,0.0,0.0,42.57243580331624,0.0,0.0,0.0,0.0,0.0,0.0,0.0,0.0,0.0,0.0,1
0.0,0.0,0.0,36.60885731995313,0.0,0.0,0.0,0.0,0.0,0.0,0.0,0.0,0.0,0.0,1
0.0,0.0,0.0,74.22356759714421,0.0,0.0,0.0,0.0,0.0,0.0,0.0,1.0,0.0,0.0,0
0.0,0.0,0.0,74.22356759714421,0.0,0.0,0.0,0.0,0.0,0.0,0.0,1.0,0.0,0.0,1
0.0,0.0,0.0,1.768956429795253,0.0,0.0,0.0,0.0,0.0,0.0,0.0,0.0,0.0,0.0,2
0.0,0.0,0.0,83.45993264254366,0.0,0.0,0.0,0.0,0.0,0.0,0.0,1.0,0.0,0.0,1
0.0,0.0,0.0,42.72353005239529,0.0,0.0,0.0,0.0,0.0,0.0,0.0,0.0,0.0,0.0,1
0.0,0.0,0.0,38.96744616035312,0.0,0.0,0.0,0.0,0.0,0.0,0.0,1.0,0.0,0.0,1
0.0,0.0,0.0,-20.883881002378303,0.0,0.0,0.0,0.0,0.0,0.0,0.0,0.0,0.0,0.0,0
0.0,0.0,0.0,22.29924939329908,0.0,0.0,0.0,0.0,0.0,0.0,0.0,0.0,0.0,0.0,0
0.0,0.0,0.0,46.624791981540056,0.0,0.0,0.0,0.0,0.0,0.0,0.0,1.0,0.0,0.0,2
0.0,0.0,0.0,67.99567601758395,0.0,0.0,0.0,0.0,0.0,0.0,0.0,0.0,0.0,0.0,6
0.0,0.0,0.0,158.30905466355443,0.0,0.0,0.0,0.0,0.0,0.0,0.0,0.0,1.0,1.0,1
0.0,0.0,0.0,54.446408171375424,0.0,0.0,0.0,0.0,0.0,0.0,0.0,0.0,0.0,0.0,1
0.0,0.0,0.0,74.4336723895658,0.0,0.0,0.0,0.0,0.0,0.0,0.0,0.0,0.0,0.0,3
0.0,0.0,0.0,22.29924939329908,0.0,0.0,0.0,0.0,0.0,0.0,0.0,0.0,0.0,0.0,1
0.0,0.0,0.0,-20.883881002378303,0.0,0.0,0.0,0.0,0.0,0.0,0.0,0.0,0.0,0.0,2
0.0,0.0,0.0,-4.930512753049243,0.0,0.0,0.0,0.0,0.0,0.0,0.0,0.0,0.0,0.0,0
0.0,0.0,0.0,47.19834472265825,0.0,0.0,0.0,0.0,0.0,0.0,0.0,0.0,0.0,0.0,2
0.0,0.0,0.0,177.4794198162872,0.0,0.0,0.0,0.0,0.0,0.0,0.0,-1.0,1.0,1.0,2
0.0,0.0,0.0,-4.4293979412047975,0.0,0.0,0.0,0.0,0.0,0.0,0.0,0.0,0.0,0.0,8
0.0,0.0,0.0,-4.930512753049243,0.0,0.0,0.0,0.0,0.0,0.0,0.0,0.0,0.0,0.0,1
0.0,0.0,0.0,61.613919484177586,0.0,0.0,0.0,0.0,0.0,0.0,0.0,0.0,0.0,0.0,4
0.0,0.0,0.0,111.5842573542784,0.0,0.0,0.0,0.0,0.0,0.0,0.0,0.0,1.0,1.0,1
0.0,0.0,0.0,46.33894196989695,0.0,0.0,0.0,0.0,0.0,0.0,0.0,0.0,0.0,0.0,2
0.0,0.0,0.0,96.30927983999777,0.0,0.0,0.0,0.0,0.0,0.0,0.0,0.0,1.0,1.0,2
0.0,0.0,0.0,177.52645589271492,0.0,0.0,0.0,0.0,0.0,0.0,0.0,1.0,0.0,0.0,4
0.0,0.0,0.0,21.863976100854416,0.0,0.0,0.0,0.0,0.0,0.0,0.0,0.0,0.0,0.0,3
0.0,0.0,0.0,-19.994820440818103,0.0,0.0,0.0,0.0,0.0,0.0,0.0,0.0,0.0,0.0,2
0.0,0.0,-1.0,47.419667474915514,-40.0,-91.0,-62.0,-46.0,-26.0,-68.0,-6.725,0.0,0.0,0.0,2
0.0,0.0,0.0,-117.18557150113452,0.0,0.0,0.0,0.0,0.0,0.0,0.0,0.0,-1.0,-2.0,1
0.0,0.0,0.0,66.47888267335816,0.0,0.0,0.0,0.0,0.0,0.0,0.0,1.0,0.0,0.0,0
0.0,0.0,0.0,132.91154932021118,0.0,0.0,0.0,0.0,0.0,0.0,0.0,0.0,0.0,0.0,3
0.0,0.0,0.0,26.434115739227536,0.0,0.0,0.0,0.0,0.0,0.0,0.0,0.0,0.0,0.0,2
0.0,0.0,1.0,-0.9907312948698745,40.0,91.0,62.0,46.0,26.0,68.0,6.725,0.0,0.0,0.0,1
0.0,0.0,0.0,8.467548195831341,0.0,0.0,0.0,0.0,0.0,0.0,0.0,0.0,0.0,0.0,0
0.0,0.0,0.0,44.61490657250374,0.0,0.0,0.0,0.0,0.0,0.0,0.0,1.0,0.0,0.0,2
0.0,0.0,-1.0,20.985551735687977,-40.0,-91.0,-62.0,-46.0,-26.0,-68.0,-6.725,0.0,0.0,0.0,3
0.0,0.0,0.0,46.42893618004564,0.0,0.0,0.0,0.0,0.0,0.0,0.0,0.0,0.0,0.0,1
0.0,0.0,0.0,125.65311969696586,0.0,0.0,0.0,0.0,0.0,0.0,0.0,0.0,1.0,2.0,2
0.0,0.0,0.0,178.09564184222359,0.0,0.0,0.0,0.0,0.0,0.0,0.0,0.0,0.0,1.0,8
0.0,0.0,0.0,111.04757321935676,0.0,0.0,0.0,0.0,0.0,0.0,0.0,0.0,0.0,0.0,1
0.0,0.0,0.0,69.63668347771772,0.0,0.0,0.0,0.0,0.0,0.0,0.0,1.0,0.0,0.0,6
0.0,0.0,0.0,97.41998048055757,0.0,0.0,0.0,0.0,0.0,0.0,0.0,0.0,0.0,1.0,0
0.0,0.0,0.0,48.53072491225066,0.0,0.0,0.0,0.0,0.0,0.0,0.0,1.0,0.0,0.0,5
0.0,0.0,0.0,118.52593904602463,0.0,0.0,0.0,0.0,0.0,0.0,0.0,0.0,0.0,1.0,1
0.0,0.0,0.0,-21.105958565467063,0.0,0.0,0.0,0.0,0.0,0.0,0.0,0.0,0.0,0.0,2
0.0,0.0,0.0,48.88925556830691,0.0,0.0,0.0,0.0,0.0,0.0,0.0,-1.0,0.0,1.0,1
0.0,0.0,0.0,182.6304391903766,0.0,0.0,0.0,0.0,0.0,0.0,0.0,0.0,0.0,0.0,5
0.0,0.0,0.0,69.77715080975054,0.0,0.0,0.0,0.0,0.0,0.0,0.0,0.0,0.0,0.0,1
0.0,0.0,0.0,103.62522895533539,0.0,0.0,0.0,0.0,0.0,0.0,0.0,0.0,0.0,0.0,1
0.0,0.0,0.0,106.26808404002554,0.0,0.0,0.0,0.0,0.0,0.0,0.0,0.0,1.0,2.0,2
0.0,0.0,0.0,-53.49657703278376,0.0,0.0,0.0,0.0,0.0,0.0,0.0,1.0,0.0,-2.0,1
0.0,0.0,0.0,145.58204555527095,0.0,0.0,0.0,0.0,0.0,0.0,0.0,0.0,0.0,0.0,9
0.0,0.0,0.0,128.90264521095537,0.0,0.0,0.0,0.0,0.0,0.0,0.0,0.0,0.0,0.0,3
0.0,0.0,0.0,62.70203337930775,0.0,0.0,0.0,0.0,0.0,0.0,0.0,0.0,0.0,0.0,0
0.0,0.0,0.0,138.11927588945218,0.0,0.0,0.0,0.0,0.0,0.0,0.0,0.0,1.0,2.0,7
0.0,0.0,0.0,17.591881242523414,0.0,0.0,0.0,0.0,0.0,0.0,0.0,0.0,0.0,0.0,0
0.0,0.0,0.0,71.77403710590875,0.0,0.0,0.0,0.0,0.0,0.0,0.0,0.0,0.0,0.0,5
0.0,0.0,0.0,95.26140713810264,0.0,0.0,0.0,0.0,0.0,0.0,0.0,0.0,0.0,0.0,1
0.0,0.0,0.0,-4.725126748204502,0.0,0.0,0.0,0.0,0.0,0.0,0.0,0.0,0.0,0.0,5
0.0,0.0,0.0,21.404527092520084,0.0,0.0,0.0,0.0,0.0,0.0,0.0,0.0,0.0,0.0,7
0.0,0.0,0.0,152.41399250040126,0.0,0.0,0.0,0.0,0.0,0.0,0.0,0.0,0.0,2.0,3
0.0,0.0,0.0,-36.21538208830975,0.0,0.0,0.0,0.0,0.0,0.0,0.0,-1.0,0.0,0.0,2
0.0,0.0,0.0,128.90264521095537,0.0,0.0,0.0,0.0,0.0,0.0,0.0,0.0,0.0,0.0,5
0.0,0.0,0.0,-53.49657703278376,0.0,0.0,0.0,0.0,0.0,0.0,0.0,1.0,0.0,-2.0,3
0.0,0.0,0.0,51.41627367222486,0.0,0.0,0.0,0.0,0.0,0.0,0.0,-1.0,0.0,0.0,2
0.0,0.0,0.0,122.12570269465141,0.0,0.0,0.0,0.0,0.0,0.0,0.0,0.0,1.0,2.0,2
0.0,0.0,0.0,52.922442415615706,0.0,0.0,0.0,0.0,0.0,0.0,0.0,0.0,0.0,0.0,2
0.0,0.0,0.0,75.23945040634362,0.0,0.0,0.0,0.0,0.0,0.0,0.0,0.0,0.0,0.0,2
0.0,0.0,0.0,0.34084061570410995,0.0,0.0,0.0,0.0,0.0,0.0,0.0,0.0,-1.0,-2.0,2
0.0,0.0,0.0,39.56001429802541,0.0,0.0,0.0,0.0,0.0,0.0,0.0,0.0,0.0,0.0,5
0.0,0.0,0.0,-34.494046934116795,0.0,0.0,0.0,0.0,0.0,0.0,0.0,0.0,-1.0,-2.0,2
0.0,0.0,0.0,4.725126748204502,0.0,0.0,0.0,0.0,0.0,0.0,0.0,0.0,0.0,0.0,1
0.0,0.0,0.0,209.0254588195612,0.0,0.0,0.0,0.0,0.0,0.0,0.0,1.0,0.0,0.0,3
0.0,0.0,0.0,-66.38229235123845,0.0,0.0,0.0,0.0,0.0,0.0,0.0,0.0,-1.0,-1.0,-2
0.0,0.0,0.0,13.306688285573955,0.0,0.0,0.0,0.0,0.0,0.0,0.0,0.0,0.0,0.0,1
0.0,0.0,0.0,40.30871118578102,0.0,0.0,0.0,0.0,0.0,0.0,0.0,0.0,0.0,0.0,4
0.0,0.0,0.0,90.5909366235669,0.0,0.0,0.0,0.0,0.0,0.0,0.0,0.0,0.0,0.0,0
0.0,0.0,0.0,17.10321787073599,0.0,0.0,0.0,0.0,0.0,0.0,0.0,0.0,0.0,0.0,0
0.0,0.0,0.0,104.58552981242269,0.0,0.0,0.0,0.0,0.0,0.0,0.0,0.0,0.0,0.0,3
0.0,0.0,0.0,21.215099810267702,0.0,0.0,0.0,0.0,0.0,0.0,0.0,0.0,0.0,0.0,0
0.0,0.0,0.0,-12.107707762288783,0.0,0.0,0.0,0.0,0.0,0.0,0.0,0.0,0.0,0.0,2
0.0,0.0,0.0,67.58127287452362,0.0,0.0,0.0,0.0,0.0,0.0,0.0,0.0,1.0,1.0,0
0.0,0.0,0.0,52.34919457832484,0.0,0.0,0.0,0.0,0.0,0.0,0.0,0.0,0.0,0.0,1
0.0,0.0,0.0,-2.0669691405389585,0.0,0.0,0.0,0.0,0.0,0.0,0.0,0.0,0.0,0.0,1
0.0,0.0,0.0,-174.77407870846787,0.0,0.0,0.0,0.0,0.0,0.0,0.0,0.0,0.0,0.0,0
0.0,0.0,0.0,154.90012927451198,0.0,0.0,0.0,0.0,0.0,0.0,0.0,0.0,0.0,0.0,0
0.0,0.0,0.0,-29.09949965182159,0.0,0.0,0.0,0.0,0.0,0.0,0.0,0.0,0.0,0.0,2
0.0,0.0,0.0,17.14816224035735,0.0,0.0,0.0,0.0,0.0,0.0,0.0,1.0,0.0,0.0,1
0.0,0.0,0.0,34.25138011109334,0.0,0.0,0.0,0.0,0.0,0.0,0.0,1.0,0.0,0.0,0
0.0,0.0,0.0,-1.1989805232851722,0.0,0.0,0.0,0.0,0.0,0.0,0.0,0.0,0.0,0.0,5
0.0,0.0,0.0,54.274584588949665,0.0,0.0,0.0,0.0,0.0,0.0,0.0,0.0,1.0,1.0,0
0.0,0.0,0.0,92.65790576410586,0.0,0.0,0.0,0.0,0.0,0.0,0.0,0.0,0.0,0.0,1
0.0,0.0,0.0,-38.24174204524206,0.0,0.0,0.0,0.0,0.0,0.0,0.0,0.0,0.0,0.0,0
0.0,0.0,0.0,191.87729657920386,0.0,0.0,0.0,0.0,0.0,0.0,0.0,0.0,0.0,0.0,4
0.0,0.0,0.0,133.68502946424428,0.0,0.0,0.0,0.0,0.0,0.0,0.0,0.0,0.0,0.0,2
0.0,0.0,0.0,-50.31459946208929,0.0,0.0,0.0,0.0,0.0,0.0,0.0,0.0,0.0,0.0,0
0.0,0.0,0.0,13.306688285573955,0.0,0.0,0.0,0.0,0.0,0.0,0.0,0.0,0.0,0.0,1
0.0,0.0,0.0,-17.10321787073599,0.0,0.0,0.0,0.0,0.0,0.0,0.0,0.0,0.0,0.0,1
0.0,0.0,0.0,21.215099810267702,0.0,0.0,0.0,0.0,0.0,0.0,0.0,0.0,0.0,0.0,1
0.0,0.0,0.0,104.83997623048072,0.0,0.0,0.0,0.0,0.0,0.0,0.0,0.0,0.0,0.0,1
0.0,0.0,0.0,18.58822710360141,0.0,0.0,0.0,0.0,0.0,0.0,0.0,0.0,0.0,0.0,4
0.0,0.0,0.0,63.096433344856905,0.0,0.0,0.0,0.0,0.0,0.0,0.0,1.0,0.0,0.0,2
0.0,0.0,0.0,37.75332662588721,0.0,0.0,0.0,0.0,0.0,0.0,0.0,0.0,1.0,1.0,1
0.0,0.0,0.0,102.85163532378851,0.0,0.0,0.0,0.0,0.0,0.0,0.0,0.0,0.0,0.0,3
0.0,0.0,0.0,-3.4233182809471145,0.0,0.0,0.0,0.0,0.0,0.0,0.0,1.0,-1.0,-1.0,2
0.0,0.0,0.0,-35.68635748534825,0.0,0.0,0.0,0.0,0.0,0.0,0.0,0.0,-1.0,-1.0,3
0.0,0.0,0.0,70.58859611938738,0.0,0.0,0.0,0.0,0.0,0.0,0.0,-1.0,0.0,0.0,3
0.0,0.0,0.0,81.69284436565022,0.0,0.0,0.0,0.0,0.0,0.0,0.0,0.0,0.0,2.0,1
0.0,0.0,0.0,97.10009212230602,0.0,0.0,0.0,0.0,0.0,0.0,0.0,1.0,0.0,0.0,2
0.0,0.0,0.0,301.19052604315334,0.0,0.0,0.0,0.0,0.0,0.0,0.0,0.0,1.0,1.0,2
0.0,0.0,0.0,36.07414229926644,0.0,0.0,0.0,0.0,0.0,0.0,0.0,0.0,0.0,0.0,1
0.0,0.0,0.0,-12.77649275803924,0.0,0.0,0.0,0.0,0.0,0.0,0.0,0.0,0.0,0.0,2
0.0,0.0,0.0,-0.5634829434864059,0.0,0.0,0.0,0.0,0.0,0.0,0.0,0.0,0.0,-1.0,0
0.0,0.0,0.0,39.47083367611867,0.0,0.0,0.0,0.0,0.0,0.0,0.0,0.0,0.0,0.0,1
0.0,0.0,0.0,69.43887008878232,0.0,0.0,0.0,0.0,0.0,0.0,0.0,0.0,0.0,0.0,1
0.0,0.0,0.0,-29.696229096433626,0.0,0.0,0.0,0.0,0.0,0.0,0.0,0.0,0.0,-2.0,2
0.0,0.0,0.0,-10.091378143955353,0.0,0.0,0.0,0.0,0.0,0.0,0.0,1.0,0.0,-2.0,2
0.0,0.0,0.0,136.92679915222197,0.0,0.0,0.0,0.0,0.0,0.0,0.0,0.0,1.0,1.0,0
0.0,0.0,0.0,-42.40586045798045,0.0,0.0,0.0,0.0,0.0,0.0,0.0,0.0,0.0,0.0,2
0.0,0.0,0.0,39.22012251117735,0.0,0.0,0.0,0.0,0.0,0.0,0.0,0.0,0.0,0.0,0
0.0,0.0,0.0,106.62798732277497,0.0,0.0,0.0,0.0,0.0,0.0,0.0,0.0,0.0,1.0,1
0.0,0.0,0.0,124.7928932148127,0.0,0.0,0.0,0.0,0.0,0.0,0.0,0.0,0.0,0.0,1
0.0,0.0,0.0,63.10715193006831,0.0,0.0,0.0,0.0,0.0,0.0,0.0,0.0,0.0,0.0,5
0.0,0.0,0.0,-42.472721854472866,0.0,0.0,0.0,0.0,0.0,0.0,0.0,0.0,0.0,-2.0,1
0.0,0.0,0.0,9.527895200468947,0.0,0.0,0.0,0.0,0.0,0.0,0.0,-1.0,0.0,1.0,2
0.0,0.0,0.0,176.39763282834065,0.0,0.0,0.0,0.0,0.0,0.0,0.0,0.0,1.0,1.0,1
0.0,0.0,0.0,27.03300963080187,0.0,0.0,0.0,0.0,0.0,0.0,0.0,0.0,0.0,0.0,0
0.0,0.0,0.0,51.99661526921659,0.0,0.0,0.0,0.0,0.0,0.0,0.0,0.0,0.0,0.0,5
0.0,0.0,0.0,107.19147026626138,0.0,0.0,0.0,0.0,0.0,0.0,0.0,0.0,0.0,2.0,3
0.0,0.0,0.0,-164.26372689093137,0.0,0.0,0.0,0.0,0.0,0.0,0.0,0.0,0.0,0.0,2
0.0,0.0,0.0,-6.331718158714011,0.0,0.0,0.0,0.0,0.0,0.0,0.0,0.0,0.0,0.0,0
0.0,0.0,0.0,209.2739072138279,0.0,0.0,0.0,0.0,0.0,0.0,0.0,0.0,1.0,1.0,2
0.0,0.0,0.0,42.631984910706706,0.0,0.0,0.0,0.0,0.0,0.0,0.0,1.0,0.0,0.0,1
0.0,0.0,0.0,2.908237972823599,0.0,0.0,0.0,0.0,0.0,0.0,0.0,0.0,0.0,0.0,1
0.0,0.0,0.0,-39.38338735313641,0.0,0.0,0.0,0.0,0.0,0.0,0.0,0.0,0.0,-1.0,1
0.0,0.0,0.0,115.81087511412238,0.0,0.0,0.0,0.0,0.0,0.0,0.0,-1.0,1.0,1.0,2
0.0,0.0,0.0,8.739568114567874,0.0,0.0,0.0,0.0,0.0,0.0,0.0,0.0,0.0,0.0,2
0.0,0.0,0.0,29.855492152667466,0.0,0.0,0.0,0.0,0.0,0.0,0.0,1.0,0.0,0.0,1
0.0,0.0,0.0,136.92679915222197,0.0,0.0,0.0,0.0,0.0,0.0,0.0,0.0,1.0,1.0,2
0.0,0.0,0.0,33.8387186107725,0.0,0.0,0.0,0.0,0.0,0.0,0.0,1.0,0.0,-2.0,0
0.0,0.0,0.0,197.9882769508174,0.0,0.0,0.0,0.0,0.0,0.0,0.0,0.0,0.0,1.0,5
0.0,0.0,0.0,185.36827178704198,0.0,0.0,0.0,0.0,0.0,0.0,0.0,0.0,1.0,2.0,2
0.0,0.0,0.0,56.82309900549171,0.0,0.0,0.0,0.0,0.0,0.0,0.0,0.0,0.0,0.0,3
0.0,0.0,0.0,85.25031645070248,0.0,0.0,0.0,0.0,0.0,0.0,0.0,0.0,0.0,0.0,0
0.0,0.0,0.0,33.16617972907852,0.0,0.0,0.0,0.0,0.0,0.0,0.0,0.0,0.0,0.0,1
0.0,0.0,0.0,44.05079430114711,0.0,0.0,0.0,0.0,0.0,0.0,0.0,0.0,0.0,0.0,2
0.0,0.0,0.0,29.687241528051118,0.0,0.0,0.0,0.0,0.0,0.0,0.0,0.0,0.0,2.0,2
0.0,0.0,0.0,79.7936484017057,0.0,0.0,0.0,0.0,0.0,0.0,0.0,0.0,0.0,2.0,1
0.0,0.0,0.0,67.8390935131988,0.0,0.0,0.0,0.0,0.0,0.0,0.0,0.0,0.0,0.0,1
0.0,0.0,0.0,-75.8687211314957,0.0,0.0,0.0,0.0,0.0,0.0,0.0,0.0,-1.0,-2.0,2
0.0,0.0,0.0,5.329705579033089,0.0,0.0,0.0,0.0,0.0,0.0,0.0,0.0,0.0,0.0,0
0.0,0.0,0.0,-96.98300370854008,0.0,0.0,0.0,0.0,0.0,0.0,0.0,0.0,0.0,-1.0,0
0.0,0.0,0.0,153.55034495669338,0.0,0.0,0.0,0.0,0.0,0.0,0.0,0.0,0.0,0.0,3
0.0,0.0,0.0,21.806151898407506,0.0,0.0,0.0,0.0,0.0,0.0,0.0,0.0,0.0,-2.0,1
0.0,0.0,0.0,198.88268346318068,0.0,0.0,0.0,0.0,0.0,0.0,0.0,1.0,0.0,0.0,2
0.0,0.0,0.0,-165.04396485240818,0.0,0.0,0.0,0.0,0.0,0.0,0.0,0.0,0.0,-2.0,0
0.0,0.0,0.0,101.00527324227733,0.0,0.0,0.0,0.0,0.0,0.0,0.0,0.0,0.0,0.0,2
0.0,0.0,0.0,-31.817926830348597,0.0,0.0,0.0,0.0,0.0,0.0,0.0,0.0,-1.0,-2.0,2
0.0,0.0,0.0,-35.016947107084206,0.0,0.0,0.0,0.0,0.0,0.0,0.0,0.0,0.0,-2.0,1
0.0,0.0,0.0,113.6323670124782,0.0,0.0,0.0,0.0,0.0,0.0,0.0,1.0,0.0,0.0,2
0.0,0.0,0.0,130.1491834376186,0.0,0.0,0.0,0.0,0.0,0.0,0.0,0.0,0.0,1.0,1
0.0,0.0,0.0,109.49955065554627,0.0,0.0,0.0,0.0,0.0,0.0,0.0,0.0,0.0,0.0,2
0.0,0.0,0.0,51.493393426458624,0.0,0.0,0.0,0.0,0.0,0.0,0.0,0.0,0.0,0.0,1
0.0,0.0,0.0,68.6131827797758,0.0,0.0,0.0,0.0,0.0,0.0,0.0,1.0,0.0,0.0,1
0.0,0.0,0.0,83.8135704254696,0.0,0.0,0.0,0.0,0.0,0.0,0.0,0.0,0.0,0.0,2
0.0,0.0,0.0,17.060322881169213,0.0,0.0,0.0,0.0,0.0,0.0,0.0,0.0,0.0,0.0,1
0.0,0.0,0.0,62.20853953953679,0.0,0.0,0.0,0.0,0.0,0.0,0.0,0.0,0.0,-1.0,4
0.0,0.0,0.0,53.87481074510379,0.0,0.0,0.0,0.0,0.0,0.0,0.0,0.0,0.0,1.0,1
0.0,0.0,0.0,-1.4854816036383909,0.0,0.0,0.0,0.0,0.0,0.0,0.0,1.0,0.0,0.0,1
0.0,0.0,0.0,26.990471419977894,0.0,0.0,0.0,0.0,0.0,0.0,0.0,0.0,0.0,0.0,1
0.0,0.0,0.0,-28.369820928764284,0.0,0.0,0.0,0.0,0.0,0.0,0.0,1.0,0.0,-1.0,2
0.0,0.0,0.0,-108.82410331818005,0.0,0.0,0.0,0.0,0.0,0.0,0.0,1.0,0.0,0.0,0
0.0,0.0,0.0,37.59446793991947,0.0,0.0,0.0,0.0,0.0,0.0,0.0,0.0,0.0,2.0,2
0.0,0.0,0.0,106.73896951590632,0.0,0.0,0.0,0.0,0.0,0.0,0.0,0.0,1.0,1.0,1
0.0,0.0,0.0,76.46248956386194,0.0,0.0,0.0,0.0,0.0,0.0,0.0,0.0,0.0,0.0,1
0.0,0.0,0.0,-18.62894621904934,0.0,0.0,0.0,0.0,0.0,0.0,0.0,0.0,0.0,0.0,3
0.0,0.0,0.0,33.63764507450469,0.0,0.0,0.0,0.0,0.0,0.0,0.0,0.0,0.0,2.0,1
0.0,0.0,0.0,222.67768569725536,0.0,0.0,0.0,0.0,0.0,0.0,0.0,0.0,0.0,2.0,3
0.0,0.0,0.0,184.29494845675526,0.0,0.0,0.0,0.0,0.0,0.0,0.0,0.0,0.0,1.0,1
0.0,0.0,0.0,126.5860519707719,0.0,0.0,0.0,0.0,0.0,0.0,0.0,0.0,0.0,0.0,3
0.0,0.0,0.0,-37.87802975627574,0.0,0.0,0.0,0.0,0.0,0.0,0.0,0.0,0.0,0.0,0
0.0,0.0,0.0,-10.0112838037453,0.0,0.0,0.0,0.0,0.0,0.0,0.0,0.0,0.0,0.0,1
0.0,0.0,0.0,10.184658183643023,0.0,0.0,0.0,0.0,0.0,0.0,0.0,0.0,0.0,0.0,3
0.0,0.0,0.0,-0.8669975664574849,0.0,0.0,0.0,0.0,0.0,0.0,0.0,1.0,0.0,0.0,4
0.0,0.0,0.0,41.834852621690516,0.0,0.0,0.0,0.0,0.0,0.0,0.0,0.0,0.0,0.0,0
0.0,0.0,0.0,125.94999998509434,0.0,0.0,0.0,0.0,0.0,0.0,0.0,0.0,-1.0,1.0,1
0.0,0.0,0.0,250.57277983697418,0.0,0.0,0.0,0.0,0.0,0.0,0.0,0.0,0.0,1.0,3
0.0,0.0,0.0,107.95710575172257,0.0,0.0,0.0,0.0,0.0,0.0,0.0,0.0,0.0,0.0,2
0.0,0.0,0.0,4.240384681771047,0.0,0.0,0.0,0.0,0.0,0.0,0.0,0.0,0.0,-2.0,1
0.0,0.0,0.0,232.68896950100066,0.0,0.0,0.0,0.0,0.0,0.0,0.0,0.0,0.0,2.0,1
0.0,0.0,0.0,174.11029027311224,0.0,0.0,0.0,0.0,0.0,0.0,0.0,0.0,0.0,1.0,2
0.0,0.0,0.0,17.761948652591855,0.0,0.0,0.0,0.0,0.0,0.0,0.0,1.0,0.0,0.0,1
0.0,0.0,0.0,75.4724976961952,0.0,0.0,0.0,0.0,0.0,0.0,0.0,0.0,0.0,2.0,0
0.0,0.0,0.0,96.72768571216102,0.0,0.0,0.0,0.0,0.0,0.0,0.0,0.0,1.0,1.0,1
0.0,0.0,0.0,-66.27783138021891,0.0,0.0,0.0,0.0,0.0,0.0,0.0,0.0,0.0,0.0,0
0.0,0.0,0.0,225.49366353676237,0.0,0.0,0.0,0.0,0.0,0.0,0.0,0.0,0.0,2.0,2
0.0,0.0,0.0,154.70839436231768,0.0,0.0,0.0,0.0,0.0,0.0,0.0,-1.0,0.0,2.0,3
0.0,0.0,0.0,-8.00626128786189,0.0,0.0,0.0,0.0,0.0,0.0,0.0,0.0,0.0,-2.0,-1
0.0,0.0,0.0,74.56662672144421,0.0,0.0,0.0,0.0,0.0,0.0,0.0,0.0,-1.0,0.0,1
0.0,0.0,0.0,156.77723146418612,0.0,0.0,0.0,0.0,0.0,0.0,0.0,0.0,0.0,0.0,2
0.0,0.0,0.0,-67.51582844426025,0.0,0.0,0.0,0.0,0.0,0.0,0.0,0.0,0.0,1.0,1
0.0,0.0,0.0,105.39385820053599,0.0,0.0,0.0,0.0,0.0,0.0,0.0,0.0,0.0,-1.0,1
0.0,0.0,0.0,118.89920170791038,0.0,0.0,0.0,0.0,0.0,0.0,0.0,0.0,0.0,0.0,3
0.0,0.0,0.0,150.93990010429093,0.0,0.0,0.0,0.0,0.0,0.0,0.0,0.0,1.0,3.0,0
0.0,0.0,0.0,260.21417983196056,0.0,0.0,0.0,0.0,0.0,0.0,0.0,1.0,0.0,1.0,1
0.0,0.0,0.0,67.04144765257479,0.0,0.0,0.0,0.0,0.0,0.0,0.0,0.0,0.0,0.0,2
0.0,0.0,0.0,-64.40574053685373,0.0,0.0,0.0,0.0,0.0,0.0,0.0,0.0,0.0,0.0,-2
0.0,0.0,0.0,144.6111095604515,0.0,0.0,0.0,0.0,0.0,0.0,0.0,0.0,0.0,0.0,0
0.0,0.0,0.0,-108.6471096250632,0.0,0.0,0.0,0.0,0.0,0.0,0.0,0.0,0.0,2.0,-2
0.0,0.0,0.0,143.15986471180463,0.0,0.0,0.0,0.0,0.0,0.0,0.0,0.0,0.0,2.0,2
0.0,0.0,0.0,168.10198025226646,0.0,0.0,0.0,0.0,0.0,0.0,0.0,0.0,0.0,0.0,1
0.0,0.0,0.0,-305.65643264426035,0.0,0.0,0.0,0.0,0.0,0.0,0.0,-1.0,0.0,-1.0,-3
0.0,0.0,0.0,-21.599194840275004,0.0,0.0,0.0,0.0,0.0,0.0,0.0,0.0,0.0,0.0,0
0.0,0.0,0.0,-160.3287003571295,0.0,0.0,0.0,0.0,0.0,0.0,0.0,0.0,-1.0,-3.0,0
0.0,0.0,0.0,73.79454078969229,0.0,0.0,0.0,0.0,0.0,0.0,0.0,0.0,0.0,0.0,9
0.0,0.0,0.0,-97.88266321918218,0.0,0.0,0.0,0.0,0.0,0.0,0.0,0.0,0.0,-2.0,0
0.0,0.0,0.0,61.918663283793876,0.0,0.0,0.0,0.0,0.0,0.0,0.0,0.0,0.0,0.0,0
0.0,0.0,0.0,-107.31947631430103,0.0,0.0,0.0,0.0,0.0,0.0,0.0,0.0,0.0,-2.0,0
0.0,0.0,0.0,-203.94236864977006,0.0,0.0,0.0,0.0,0.0,0.0,0.0,0.0,0.0,0.0,-7
0.0,0.0,0.0,-45.442252812299785,0.0,0.0,0.0,0.0,0.0,0.0,0.0,0.0,0.0,0.0,0
0.0,0.0,0.0,-9.388800252838564,0.0,0.0,0.0,0.0,0.0,0.0,0.0,0.0,0.0,0.0,0
0.0,0.0,0.0,-224.73444089398322,0.0,0.0,0.0,0.0,0.0,0.0,0.0,0.0,-1.0,-3.0,-3
0.0,0.0,0.0,-238.61498499168556,0.0,0.0,0.0,0.0,0.0,0.0,0.0,-1.0,0.0,-1.0,1
0.0,0.0,0.0,-206.52977284424537,0.0,0.0,0.0,0.0,0.0,0.0,0.0,0.0,0.0,0.0,-3
0.0,0.0,0.0,46.72844634126932,0.0,0.0,0.0,0.0,0.0,0.0,0.0,0.0,0.0,-2.0,3
0.0,0.0,0.0,35.8403883975036,0.0,0.0,0.0,0.0,0.0,0.0,0.0,0.0,0.0,0.0,3
0.0,0.0,0.0,60.78250393796543,0.0,0.0,0.0,0.0,0.0,0.0,0.0,0.0,0.0,-2.0,1
0.0,0.0,0.0,-258.8331306933835,0.0,0.0,0.0,0.0,0.0,0.0,0.0,-1.0,0.0,-1.0,-2
0.0,0.0,0.0,130.72175440259298,0.0,0.0,0.0,0.0,0.0,0.0,0.0,0.0,1.0,3.0,1
0.0,0.0,0.0,128.03910357829955,0.0,0.0,0.0,0.0,0.0,0.0,0.0,0.0,0.0,0.0,4
0.0,0.0,0.0,-101.98153995776079,0.0,0.0,0.0,0.0,0.0,0.0,0.0,0.0,0.0,0.0,-1
0.0,0.0,0.0,-182.577264241374,0.0,0.0,0.0,0.0,0.0,0.0,0.0,0.0,-1.0,-3.0,-1
0.0,0.0,0.0,-76.18359373951853,0.0,0.0,0.0,0.0,0.0,0.0,0.0,0.0,0.0,0.0,-2
0.0,0.0,0.0,136.4646161151834,0.0,0.0,0.0,0.0,0.0,0.0,0.0,0.0,0.0,0.0,1
0.0,0.0,0.0,224.3500545359609,0.0,0.0,0.0,0.0,0.0,0.0,0.0,1.0,0.0,1.0,2
0.0,0.0,0.0,-122.36851457820012,0.0,0.0,0.0,0.0,0.0,0.0,0.0,-1.0,0.0,-1.0,-1
0.0,0.0,0.0,-51.85550983878102,0.0,0.0,0.0,0.0,0.0,0.0,0.0,0.0,0.0,0.0,0
0.0,0.0,0.0,-54.53816066307445,0.0,0.0,0.0,0.0,0.0,0.0,0.0,0.0,-1.0,-3.0,2
0.0,0.0,0.0,34.4830761574226,0.0,0.0,0.0,0.0,0.0,0.0,0.0,0.0,0.0,0.0,1
0.0,0.0,0.0,14.475283989107538,0.0,0.0,0.0,0.0,0.0,0.0,0.0,0.0,1.0,3.0,-1
0.0,0.0,0.0,-162.43139125216703,0.0,0.0,0.0,0.0,0.0,0.0,0.0,-1.0,0.0,-1.0,-1
0.0,0.0,0.0,41.813540584575094,0.0,0.0,0.0,0.0,0.0,0.0,0.0,0.0,1.0,2.0,0
0.0,0.0,0.0,122.1985999938056,0.0,0.0,0.0,0.0,0.0,0.0,0.0,0.0,0.0,2.0,1
0.0,0.0,0.0,124.87575169973047,0.0,0.0,0.0,0.0,0.0,0.0,0.0,0.0,0.0,0.0,2
0.0,0.0,0.0,98.7707856500308,0.0,0.0,0.0,0.0,0.0,0.0,0.0,1.0,0.0,0.0,1
0.0,0.0,0.0,29.95363455823349,0.0,0.0,0.0,0.0,0.0,0.0,0.0,0.0,0.0,0.0,1
0.0,0.0,0.0,181.48808643320535,0.0,0.0,0.0,0.0,0.0,0.0,0.0,0.0,0.0,3.0,0
0.0,0.0,0.0,138.67669674375315,0.0,0.0,0.0,0.0,0.0,0.0,0.0,0.0,0.0,0.0,3
0.0,0.0,0.0,-18.428226207890248,0.0,0.0,0.0,0.0,0.0,0.0,0.0,0.0,0.0,0.0,2
0.0,0.0,0.0,115.35697890693768,0.0,0.0,0.0,0.0,0.0,0.0,0.0,0.0,0.0,2.0,2
0.0,0.0,0.0,111.52599553997925,0.0,0.0,0.0,0.0,0.0,0.0,0.0,0.0,0.0,0.0,1
0.0,0.0,0.0,278.2152878242848,0.0,0.0,0.0,0.0,0.0,0.0,0.0,0.0,1.0,2.0,6
0.0,0.0,0.0,105.61240673689872,0.0,0.0,0.0,0.0,0.0,0.0,0.0,1.0,0.0,0.0,1
0.0,0.0,0.0,38.204068454111166,0.0,0.0,0.0,0.0,0.0,0.0,0.0,0.0,0.0,0.0,1
0.0,0.0,0.0,173.23765253732768,0.0,0.0,0.0,0.0,0.0,0.0,0.0,0.0,0.0,3.0,0
0.0,0.0,0.0,138.13857918904546,0.0,0.0,0.0,0.0,0.0,0.0,0.0,0.0,0.0,0.0,0
0.0,0.0,0.0,18.966343762597944,0.0,0.0,0.0,0.0,0.0,0.0,0.0,0.0,0.0,0.0,0
0.0,0.0,0.0,-6.841621086867917,0.0,0.0,0.0,0.0,0.0,0.0,0.0,0.0,0.0,0.0,2
0.0,0.0,0.0,236.40174723970972,0.0,0.0,0.0,0.0,0.0,0.0,0.0,0.0,0.0,0.0,2
0.0,0.0,0.0,153.33953612455434,0.0,0.0,0.0,0.0,0.0,0.0,0.0,0.0,1.0,2.0,0
0.0,0.0,0.0,-16.58619325690688,0.0,0.0,0.0,0.0,0.0,0.0,0.0,1.0,0.0,-2.0,-1
0.0,0.0,0.0,143.2840179790942,0.0,0.0,0.0,0.0,0.0,0.0,0.0,0.0,0.0,3.0,1
0.0,0.0,0.0,8.250433895877677,0.0,0.0,0.0,0.0,0.0,0.0,0.0,0.0,0.0,0.0,1
0.0,0.0,0.0,0.5381175547076964,0.0,0.0,0.0,0.0,0.0,0.0,0.0,0.0,0.0,0.0,3
0.0,0.0,0.0,-119.71035298115521,0.0,0.0,0.0,0.0,0.0,0.0,0.0,0.0,0.0,0.0,1
0.0,0.0,0.0,-71.48595401476291,0.0,0.0,0.0,0.0,0.0,0.0,0.0,0.0,0.0,0.0,-4
0.0,0.0,0.0,-92.8871152910624,0.0,0.0,0.0,0.0,0.0,0.0,0.0,0.0,-1.0,0.0,0
0.0,0.0,0.0,209.93664315337674,0.0,0.0,0.0,0.0,0.0,0.0,0.0,0.0,0.0,3.0,3
0.0,0.0,0.0,-67.65976796339419,0.0,0.0,0.0,0.0,0.0,0.0,0.0,1.0,0.0,0.0,2
0.0,0.0,0.0,-165.2888848044222,0.0,0.0,0.0,0.0,0.0,0.0,0.0,0.0,0.0,0.0,-1
0.0,0.0,0.0,47.56268492365234,0.0,0.0,0.0,0.0,0.0,0.0,0.0,0.0,0.0,2.0,1
0.0,0.0,0.0,-68.96384619995183,0.0,0.0,0.0,0.0,0.0,0.0,0.0,0.0,-1.0,-2.0,0
0.0,0.0,0.0,-112.30752631234873,0.0,0.0,0.0,0.0,0.0,0.0,0.0,1.0,0.0,-3.0,0
0.0,0.0,0.0,-140.44980021471474,0.0,0.0,0.0,0.0,0.0,0.0,0.0,0.0,-1.0,-2.0,1
0.0,0.0,0.0,-23.92326909111057,0.0,0.0,0.0,0.0,0.0,0.0,0.0,0.0,0.0,2.0,-1
0.0,0.0,0.0,44.64775834895454,0.0,0.0,0.0,0.0,0.0,0.0,0.0,0.0,0.0,3.0,2
0.0,0.0,0.0,97.62911684102801,0.0,0.0,0.0,0.0,0.0,0.0,0.0,1.0,0.0,0.0,6
0.0,0.0,0.0,95.72133305544185,0.0,0.0,0.0,0.0,0.0,0.0,0.0,0.0,0.0,1.0,1
0.0,0.0,0.0,-40.50946234801745,0.0,0.0,0.0,0.0,0.0,0.0,0.0,1.0,0.0,0.0,2
0.0,0.0,0.0,80.87748960085696,0.0,0.0,0.0,0.0,0.0,0.0,0.0,0.0,1.0,1.0,-1
0.0,0.0,0.0,47.90554743339203,0.0,0.0,0.0,0.0,0.0,0.0,0.0,0.0,0.0,2.0,0
0.0,0.0,0.0,136.09728449912154,0.0,0.0,0.0,0.0,0.0,0.0,0.0,0.0,0.0,3.0,1
0.0,0.0,0.0,-64.3770551217292,0.0,0.0,0.0,0.0,0.0,0.0,0.0,0.0,0.0,0.0,0
0.0,0.0,0.0,97.38460028148074,0.0,0.0,0.0,0.0,0.0,0.0,0.0,0.0,0.0,0.0,9
0.0,0.0,0.0,62.545178911818994,0.0,0.0,0.0,0.0,0.0,0.0,0.0,0.0,0.0,0.0,3
0.0,0.0,0.0,90.8642509253325,0.0,0.0,0.0,0.0,0.0,0.0,0.0,0.0,0.0,2.0,-1
0.0,0.0,0.0,84.34521631781058,0.0,0.0,0.0,0.0,0.0,0.0,0.0,0.0,0.0,1.0,2
0.0,0.0,0.0,16.624108347973333,0.0,0.0,0.0,0.0,0.0,0.0,0.0,1.0,0.0,0.0,0
0.0,0.0,0.0,-104.27589613854957,0.0,0.0,0.0,0.0,0.0,0.0,0.0,0.0,0.0,0.0,-1
0.0,0.0,0.0,2.506044004849173,0.0,0.0,0.0,0.0,0.0,0.0,0.0,0.0,0.0,0.0,0
0.0,0.0,0.0,-35.33354412920971,0.0,0.0,0.0,0.0,0.0,0.0,0.0,0.0,0.0,0.0,0
0.0,0.0,0.0,201.9183587673822,0.0,0.0,0.0,0.0,0.0,0.0,0.0,0.0,0.0,2.0,0
0.0,0.0,0.0,27.81893383782881,0.0,0.0,0.0,0.0,0.0,0.0,0.0,0.0,1.0,1.0,3
0.0,0.0,0.0,184.70192105630713,0.0,0.0,0.0,0.0,0.0,0.0,0.0,0.0,0.0,3.0,3
0.0,0.0,0.0,89.63575621226096,0.0,0.0,0.0,0.0,0.0,0.0,0.0,0.0,0.0,0.0,0
0.0,0.0,0.0,44.32604451845259,0.0,0.0,0.0,0.0,0.0,0.0,0.0,0.0,0.0,0.0,1
0.0,0.0,0.0,111.14981546900458,0.0,0.0,0.0,0.0,0.0,0.0,0.0,0.0,0.0,0.0,3
0.0,0.0,0.0,187.9722367181505,0.0,0.0,0.0,0.0,0.0,0.0,0.0,0.0,0.0,2.0,3
0.0,0.0,0.0,153.96720461823884,0.0,0.0,0.0,0.0,0.0,0.0,0.0,0.0,0.0,1.0,2
0.0,0.0,0.0,-32.58153556517527,0.0,0.0,0.0,0.0,0.0,0.0,0.0,1.0,0.0,0.0,1
0.0,0.0,0.0,-7.1679103457315705,0.0,0.0,0.0,0.0,0.0,0.0,0.0,0.0,0.0,0.0,-2
0.0,0.0,0.0,72.12803230527743,0.0,0.0,0.0,0.0,0.0,0.0,0.0,0.0,0.0,0.0,3
0.0,0.0,0.0,-84.53918804235832,0.0,0.0,0.0,0.0,0.0,0.0,0.0,0.0,0.0,0.0,0
0.0,0.0,0.0,154.01281133399016,0.0,0.0,0.0,0.0,0.0,0.0,0.0,0.0,0.0,0.0,4
0.0,0.0,0.0,-53.05855576302815,0.0,0.0,0.0,0.0,0.0,0.0,0.0,0.0,0.0,0.0,0
0.0,0.0,0.0,48.604636557185586,0.0,0.0,0.0,0.0,0.0,0.0,0.0,0.0,0.0,0.0,0
0.0,0.0,0.0,137.541303645653,0.0,0.0,0.0,0.0,0.0,0.0,0.0,0.0,0.0,2.0,0
0.0,0.0,0.0,125.20353411930955,0.0,0.0,0.0,0.0,0.0,0.0,0.0,0.0,1.0,1.0,2
0.0,0.0,0.0,247.24709996812612,0.0,0.0,0.0,0.0,0.0,0.0,0.0,0.0,0.0,3.0,4
0.0,0.0,0.0,97.107985792818,0.0,0.0,0.0,0.0,0.0,0.0,0.0,0.0,0.0,0.0,1
0.0,0.0,0.0,69.62198830042826,0.0,0.0,0.0,0.0,0.0,0.0,0.0,0.0,0.0,0.0,0
0.0,0.0,0.0,-49.205643913148606,0.0,0.0,0.0,0.0,0.0,0.0,0.0,0.0,0.0,0.0,-1
0.0,0.0,0.0,83.69634057960093,0.0,0.0,0.0,0.0,0.0,0.0,0.0,0.0,0.0,2.0,1
0.0,0.0,0.0,156.473248623088,0.0,0.0,0.0,0.0,0.0,0.0,0.0,0.0,0.0,1.0,1
0.0,0.0,0.0,-67.91507969438499,0.0,0.0,0.0,0.0,0.0,0.0,0.0,1.0,0.0,0.0,-1
0.0,0.0,0.0,-2.2175619335243937,0.0,0.0,0.0,0.0,0.0,0.0,0.0,0.0,0.0,0.0,-1
0.0,0.0,0.0,198.32326586030308,0.0,0.0,0.0,0.0,0.0,0.0,0.0,0.0,0.0,0.0,3
0.0,0.0,0.0,165.35132369283815,0.0,0.0,0.0,0.0,0.0,0.0,0.0,0.0,-1.0,1.0,1
0.0,0.0,0.0,-2.8664376717340474,0.0,0.0,0.0,0.0,0.0,0.0,0.0,0.0,0.0,1.0,0
0.0,0.0,0.0,-7.574584071993968,0.0,0.0,0.0,0.0,0.0,0.0,0.0,0.0,0.0,0.0,0
0.0,0.0,0.0,-136.8442520355552,0.0,0.0,0.0,0.0,0.0,0.0,0.0,0.0,0.0,0.0,-1
0.0,0.0,0.0,-192.06404693381978,0.0,0.0,0.0,0.0,0.0,0.0,0.0,0.0,1.0,-2.0,-2
0.0,0.0,0.0,144.03683620199195,0.0,0.0,0.0,0.0,0.0,0.0,0.0,-1.0,0.0,2.0,1
0.0,0.0,0.0,-5.357022138469574,0.0,0.0,0.0,0.0,0.0,0.0,0.0,0.0,0.0,0.0,3
0.0,0.0,0.0,-61.47901382474788,0.0,0.0,0.0,0.0,0.0,0.0,0.0,0.0,0.0,0.0,0
0.0,0.0,0.0,-26.71272324098163,0.0,0.0,0.0,0.0,0.0,0.0,0.0,0.0,0.0,-1.0,1
0.0,0.0,0.0,-146.903273873726,0.0,0.0,0.0,0.0,0.0,0.0,0.0,1.0,0.0,-1.0,0
0.0,0.0,0.0,-47.90554743339203,0.0,0.0,0.0,0.0,0.0,0.0,0.0,0.0,0.0,-2.0,-2
0.0,0.0,0.0,81.47877864607653,0.0,0.0,0.0,0.0,0.0,0.0,0.0,0.0,0.0,2.0,0
0.0,0.0,0.0,85.40387223794073,0.0,0.0,0.0,0.0,0.0,0.0,0.0,0.0,0.0,0.0,1
0.0,0.0,0.0,51.83064102525623,0.0,0.0,0.0,0.0,0.0,0.0,0.0,0.0,0.0,0.0,2
0.0,0.0,0.0,-234.07059218844006,0.0,0.0,0.0,0.0,0.0,0.0,0.0,0.0,-1.0,-3.0,0
0.0,0.0,0.0,-175.5873795087357,0.0,0.0,0.0,0.0,0.0,0.0,0.0,0.0,0.0,-3.0,-1
0.0,0.0,0.0,-213.53996570101413,0.0,0.0,0.0,0.0,0.0,0.0,0.0,0.0,0.0,0.0,-1
0.0,0.0,0.0,228.18788655864728,0.0,0.0,0.0,0.0,0.0,0.0,0.0,0.0,0.0,1.0,2
0.0,0.0,0.0,95.97143720870008,0.0,0.0,0.0,0.0,0.0,0.0,0.0,0.0,0.0,0.0,6
0.0,0.0,0.0,-99.7535085971947,0.0,0.0,0.0,0.0,0.0,0.0,0.0,0.0,0.0,0.0,0
0.0,0.0,0.0,-44.98367489577549,0.0,0.0,0.0,0.0,0.0,0.0,0.0,-1.0,0.0,0.0,-1
0.0,0.0,0.0,-12.527712421178421,0.0,0.0,0.0,0.0,0.0,0.0,0.0,0.0,0.0,0.0,0
0.0,0.0,0.0,-52.16791986882663,0.0,0.0,0.0,0.0,0.0,0.0,0.0,0.0,0.0,-1.0,1
0.0,0.0,0.0,91.95265181144441,0.0,0.0,0.0,0.0,0.0,0.0,0.0,0.0,0.0,0.0,1
0.0,0.0,0.0,-171.22902250308493,0.0,0.0,0.0,0.0,0.0,0.0,0.0,0.0,0.0,0.0,0
0.0,0.0,0.0,-87.47911832979958,0.0,0.0,0.0,0.0,0.0,0.0,0.0,0.0,0.0,0.0,-1
0.0,0.0,0.0,-19.55935070776468,0.0,0.0,0.0,0.0,0.0,0.0,0.0,0.0,1.0,2.0,0
0.0,0.0,0.0,94.52473339809217,0.0,0.0,0.0,0.0,0.0,0.0,0.0,0.0,0.0,0.0,0
0.0,0.0,0.0,25.44205633755746,0.0,0.0,0.0,0.0,0.0,0.0,0.0,0.0,0.0,0.0,0
0.0,0.0,0.0,23.043795094221878,0.0,0.0,0.0,0.0,0.0,0.0,0.0,0.0,0.0,0.0,2
0.0,0.0,0.0,269.684350047615,0.0,0.0,0.0,0.0,0.0,0.0,0.0,0.0,0.0,3.0,1
0.0,0.0,0.0,94.28906430732673,0.0,0.0,0.0,0.0,0.0,0.0,0.0,0.0,0.0,1.0,0
0.0,0.0,0.0,24.622147533123552,0.0,0.0,0.0,0.0,0.0,0.0,0.0,1.0,0.0,0.0,0
0.0,0.0,0.0,-81.56925811770088,0.0,0.0,0.0,0.0,0.0,0.0,0.0,0.0,0.0,0.0,-1
0.0,0.0,0.0,57.6323641586946,0.0,0.0,0.0,0.0,0.0,0.0,0.0,0.0,0.0,0.0,1
0.0,0.0,0.0,-71.59112444879247,0.0,0.0,0.0,0.0,0.0,0.0,0.0,0.0,0.0,0.0,-1
0.0,0.0,0.0,177.6075251907821,0.0,0.0,0.0,0.0,0.0,0.0,0.0,0.0,0.0,2.0,1
0.0,0.0,0.0,81.10061564210241,0.0,0.0,0.0,0.0,0.0,0.0,0.0,0.0,0.0,-2.0,5
0.0,0.0,0.0,-190.49617060679225,0.0,0.0,0.0,0.0,0.0,0.0,0.0,0.0,0.0,0.0,-3
0.0,0.0,0.0,119.01523230292196,0.0,0.0,0.0,0.0,0.0,0.0,0.0,0.0,0.0,0.0,2
0.0,0.0,0.0,253.62994289620474,0.0,0.0,0.0,0.0,0.0,0.0,0.0,0.0,0.0,1.0,2
0.0,0.0,0.0,-208.6285358508826,0.0,0.0,0.0,0.0,0.0,0.0,0.0,0.0,-1.0,-3.0,-1
0.0,0.0,0.0,-116.57479934456796,0.0,0.0,0.0,0.0,0.0,0.0,0.0,-1.0,0.0,0.0,-1
0.0,0.0,0.0,20.36152736265194,0.0,0.0,0.0,0.0,0.0,0.0,0.0,0.0,0.0,0.0,0
0.0,0.0,0.0,-5.46444428986797,0.0,0.0,0.0,0.0,0.0,0.0,0.0,0.0,0.0,1.0,3
0.0,0.0,0.0,42.121144438500096,0.0,0.0,0.0,0.0,0.0,0.0,0.0,0.0,0.0,0.0,-2
0.0,0.0,0.0,-94.0969705388793,0.0,0.0,0.0,0.0,0.0,0.0,0.0,0.0,0.0,0.0,-3
0.0,0.0,0.0,-257.1566376264366,0.0,0.0,0.0,0.0,0.0,0.0,0.0,0.0,0.0,-3.0,-3
0.0,0.0,0.0,-90.12840686098252,0.0,0.0,0.0,0.0,0.0,0.0,0.0,0.0,0.0,-2.0,2
0.0,0.0,0.0,-6.378502687697164,0.0,0.0,0.0,0.0,0.0,0.0,0.0,0.0,0.0,-2.0,0
0.0,0.0,0.0,126.87731424961544,0.0,0.0,0.0,0.0,0.0,0.0,0.0,1.0,0.0,0.0,2
0.0,0.0,0.0,84.07678166689243,0.0,0.0,0.0,0.0,0.0,0.0,0.0,0.0,0.0,0.0,-1
0.0,0.0,0.0,142.0577643519639,0.0,0.0,0.0,0.0,0.0,0.0,0.0,0.0,0.0,3.0,4
0.0,0.0,0.0,175.9590034618161,0.0,0.0,0.0,0.0,0.0,0.0,0.0,0.0,0.0,-1.0,1
0.0,0.0,0.0,-26.42456223038448,0.0,0.0,0.0,0.0,0.0,0.0,0.0,0.0,1.0,3.0,-2
0.0,0.0,0.0,-130.78760295442885,0.0,0.0,0.0,0.0,0.0,0.0,0.0,0.0,0.0,-2.0,-1
0.0,0.0,0.0,110.14625657387955,0.0,0.0,0.0,0.0,0.0,0.0,0.0,0.0,0.0,1.0,3
0.0,0.0,0.0,-25.564697346976573,0.0,0.0,0.0,0.0,0.0,0.0,0.0,0.0,0.0,0.0,-4
0.0,0.0,0.0,99.42847751337877,0.0,0.0,0.0,0.0,0.0,0.0,0.0,0.0,0.0,3.0,0
0.0,0.0,0.0,122.02264768785813,0.0,0.0,0.0,0.0,0.0,0.0,0.0,-1.0,0.0,2.0,0
0.0,0.0,0.0,41.2285196058333,0.0,0.0,0.0,0.0,0.0,0.0,0.0,0.0,0.0,0.0,1
0.0,0.0,0.0,102.44261306962767,0.0,0.0,0.0,0.0,0.0,0.0,0.0,0.0,0.0,0.0,0
0.0,0.0,0.0,11.595192481350978,0.0,0.0,0.0,0.0,0.0,0.0,0.0,0.0,0.0,-2.0,-2
0.0,0.0,0.0,171.7363035423648,0.0,0.0,0.0,0.0,0.0,0.0,0.0,0.0,0.0,1.0,2
0.0,0.0,0.0,-178.6015150649846,0.0,0.0,0.0,0.0,0.0,0.0,0.0,0.0,0.0,0.0,-2
0.0,0.0,0.0,4.729980958731176,0.0,0.0,0.0,0.0,0.0,0.0,0.0,0.0,0.0,-1.0,1
0.0,0.0,0.0,72.35009162404367,0.0,0.0,0.0,0.0,0.0,0.0,0.0,0.0,1.0,2.0,-1
0.0,0.0,0.0,14.779042141777154,0.0,0.0,0.0,0.0,0.0,0.0,0.0,0.0,0.0,0.0,-2
0.0,0.0,0.0,-61.81300404259923,0.0,0.0,0.0,0.0,0.0,0.0,0.0,0.0,0.0,0.0,-2
0.0,0.0,0.0,213.22808023043603,0.0,0.0,0.0,0.0,0.0,0.0,0.0,1.0,0.0,3.0,1
0.0,0.0,1.0,-113.45160438826451,40.0,91.0,62.0,46.0,26.0,68.0,6.725,0.0,0.0,0.0,-4
0.0,0.0,0.0,297.95219616453096,0.0,0.0,0.0,0.0,0.0,0.0,0.0,0.0,0.0,3.0,1
0.0,0.0,0.0,97.59016706307852,0.0,0.0,0.0,0.0,0.0,0.0,0.0,0.0,0.0,2.0,3
0.0,0.0,0.0,47.52323190736206,0.0,0.0,0.0,0.0,0.0,0.0,0.0,0.0,0.0,0.0,1
0.0,0.0,0.0,159.80047447135644,0.0,0.0,0.0,0.0,0.0,0.0,0.0,0.0,0.0,1.0,0
0.0,0.0,0.0,122.57084884583787,0.0,0.0,0.0,0.0,0.0,0.0,0.0,0.0,0.0,0.0,2
0.0,0.0,0.0,93.0377791642004,0.0,0.0,0.0,0.0,0.0,0.0,0.0,0.0,0.0,0.0,0
0.0,0.0,0.0,-112.9301161438209,0.0,0.0,0.0,0.0,0.0,0.0,0.0,0.0,0.0,2.0,0
0.0,0.0,0.0,70.4123116755859,0.0,0.0,0.0,0.0,0.0,0.0,0.0,0.0,1.0,2.0,2
0.0,0.0,0.0,12.84126219331938,0.0,0.0,0.0,0.0,0.0,0.0,0.0,0.0,0.0,0.0,1
0.0,0.0,0.0,98.53558350149115,0.0,0.0,0.0,0.0,0.0,0.0,0.0,0.0,0.0,0.0,1
0.0,0.0,-1.0,300.57427386580866,-40.0,-91.0,-62.0,-46.0,-26.0,-68.0,-6.725,1.0,0.0,3.0,1
0.0,0.0,0.0,-26.105410752891885,0.0,0.0,0.0,0.0,0.0,0.0,0.0,0.0,0.0,0.0,-1
0.0,0.0,0.0,257.9387546071689,0.0,0.0,0.0,0.0,0.0,0.0,0.0,0.0,0.0,2.0,4
0.0,0.0,0.0,194.07588060340663,0.0,0.0,0.0,0.0,0.0,0.0,0.0,0.0,0.0,3.0,1
0.0,0.0,0.0,-56.35308365376227,0.0,0.0,0.0,0.0,0.0,0.0,0.0,0.0,0.0,0.0,-1
0.0,0.0,0.0,50.840839094589455,0.0,0.0,0.0,0.0,0.0,0.0,0.0,0.0,0.0,1.0,0
0.0,0.0,0.0,-15.921856212566581,0.0,0.0,0.0,0.0,0.0,0.0,0.0,0.0,0.0,0.0,0
0.0,0.0,0.0,-5.879075610791915,0.0,0.0,0.0,0.0,0.0,0.0,0.0,0.0,0.0,-2.0,2
0.0,0.0,0.0,-241.38004060045068,0.0,0.0,0.0,0.0,0.0,0.0,0.0,0.0,0.0,0.0,-2
0.0,0.0,0.0,85.19135381736305,0.0,0.0,0.0,0.0,0.0,0.0,0.0,0.0,1.0,2.0,0
0.0,0.0,0.0,-1.9377799484577736,0.0,0.0,0.0,0.0,0.0,0.0,0.0,0.0,0.0,0.0,-4
0.0,0.0,0.0,196.12575056456967,0.0,0.0,0.0,0.0,0.0,0.0,0.0,0.0,0.0,2.0,0
0.0,0.0,0.0,160.34858754409038,0.0,0.0,0.0,0.0,0.0,0.0,0.0,0.0,0.0,0.0,3
0.0,0.0,-1.0,87.34619363537263,-40.0,-91.0,-62.0,-46.0,-26.0,-68.0,-6.725,0.0,0.0,0.0,1
0.0,0.0,0.0,187.12266947754415,0.0,0.0,0.0,0.0,0.0,0.0,0.0,1.0,0.0,3.0,2
0.0,0.0,0.0,241.5991125107687,0.0,0.0,0.0,0.0,0.0,0.0,0.0,0.0,0.0,3.0,1
0.0,0.0,0.0,-103.87631556112433,0.0,0.0,0.0,0.0,0.0,0.0,0.0,0.0,0.0,0.0,-1
0.0,0.0,0.0,-118.80919175461281,0.0,0.0,0.0,0.0,0.0,0.0,0.0,0.0,0.0,0.0,-1
0.0,0.0,0.0,-128.4499244566298,0.0,0.0,0.0,0.0,0.0,0.0,0.0,0.0,0.0,-2.0,-1
0.0,0.0,0.0,143.87861825878986,0.0,0.0,0.0,0.0,0.0,0.0,0.0,0.0,0.0,1.0,1
0.0,0.0,0.0,-108.95963537676698,0.0,0.0,0.0,0.0,0.0,0.0,0.0,0.0,0.0,0.0,0
0.0,0.0,0.0,39.266771959194784,0.0,0.0,0.0,0.0,0.0,0.0,0.0,0.0,0.0,0.0,1
0.0,0.0,0.0,4.65658150161039,0.0,0.0,0.0,0.0,0.0,0.0,0.0,0.0,0.0,0.0,3
0.0,0.0,0.0,108.42371152624037,0.0,0.0,0.0,0.0,0.0,0.0,0.0,0.0,-1.0,1.0,-1
0.0,0.0,0.0,109.40828655531254,0.0,0.0,0.0,0.0,0.0,0.0,0.0,0.0,0.0,2.0,1
0.0,0.0,0.0,-48.66768113338526,0.0,0.0,0.0,0.0,0.0,0.0,0.0,0.0,0.0,0.0,0
0.0,0.0,0.0,248.236862623982,0.0,0.0,0.0,0.0,0.0,0.0,0.0,1.0,0.0,1.0,2
0.0,0.0,0.0,-16.098384496425524,0.0,0.0,0.0,0.0,0.0,0.0,0.0,0.0,0.0,0.0,-1
0.0,0.0,0.0,173.93029585339377,0.0,0.0,0.0,0.0,0.0,0.0,0.0,0.0,0.0,1.0,1
0.0,0.0,0.0,13.081280081747309,0.0,0.0,0.0,0.0,0.0,0.0,0.0,0.0,1.0,2.0,0
0.0,0.0,0.0,-239.9861168527366,0.0,0.0,0.0,0.0,0.0,0.0,0.0,-1.0,0.0,-3.0,-1
0.0,0.0,0.0,-165.5044745568871,0.0,0.0,0.0,0.0,0.0,0.0,0.0,0.0,0.0,-2.0,-1
0.0,0.0,0.0,-98.2915311446518,0.0,0.0,0.0,0.0,0.0,0.0,0.0,0.0,0.0,-1.0,-1
0.0,0.0,0.0,-106.12708190198828,0.0,0.0,0.0,0.0,0.0,0.0,0.0,-1.0,1.0,-1.0,0
0.0,0.0,0.0,58.56744746072309,0.0,0.0,0.0,0.0,0.0,0.0,0.0,0.0,0.0,1.0,0
0.0,0.0,0.0,80.18564238138015,0.0,0.0,0.0,0.0,0.0,0.0,0.0,1.0,0.0,2.0,1
0.0,0.0,0.0,84.50888698133122,0.0,0.0,0.0,0.0,0.0,0.0,0.0,0.0,-1.0,0.0,1
0.0,0.0,0.0,-61.47690373759133,0.0,0.0,0.0,0.0,0.0,0.0,0.0,1.0,0.0,0.0,4
0.0,0.0,0.0,227.12025163053727,0.0,0.0,0.0,0.0,0.0,0.0,0.0,0.0,1.0,3.0,4
0.0,0.0,0.0,112.25964943794702,0.0,0.0,0.0,0.0,0.0,0.0,0.0,0.0,0.0,0.0,3
0.0,0.0,0.0,-227.21214334018805,0.0,0.0,0.0,0.0,0.0,0.0,0.0,0.0,0.0,-3.0,-1
0.0,0.0,-1.0,-118.28054417465455,-40.0,-91.0,-62.0,-46.0,-26.0,-68.0,-6.725,0.0,0.0,0.0,-1
0.0,0.0,0.0,-198.07135197485854,0.0,0.0,0.0,0.0,0.0,0.0,0.0,0.0,0.0,-3.0,-5
0.0,0.0,0.0,145.3808169441329,0.0,0.0,0.0,0.0,0.0,0.0,0.0,0.0,0.0,0.0,4
0.0,0.0,0.0,203.96188035568616,0.0,0.0,0.0,0.0,0.0,0.0,0.0,0.0,0.0,3.0,1
0.0,0.0,0.0,-28.355736231405444,0.0,0.0,0.0,0.0,0.0,0.0,0.0,1.0,0.0,0.0,0
0.0,0.0,-1.0,-15.409454337963325,-40.0,-91.0,-62.0,-46.0,-26.0,-68.0,-6.725,0.0,0.0,3.0,-5
0.0,0.0,0.0,-124.34105350349682,0.0,0.0,0.0,0.0,0.0,0.0,0.0,0.0,0.0,0.0,-8
0.0,0.0,0.0,-221.22972324970965,0.0,0.0,0.0,0.0,0.0,0.0,0.0,0.0,-1.0,-3.0,-3
0.0,0.0,0.0,102.87108983669123,0.0,0.0,0.0,0.0,0.0,0.0,0.0,0.0,0.0,3.0,-2
0.0,0.0,-1.0,-242.62159767815137,-40.0,-91.0,-62.0,-46.0,-26.0,-68.0,-6.725,0.0,0.0,0.0,-3
0.0,0.0,0.0,83.90391320654157,0.0,0.0,0.0,0.0,0.0,0.0,0.0,1.0,0.0,0.0,3
0.0,0.0,0.0,33.121167506185884,0.0,0.0,0.0,0.0,0.0,0.0,0.0,0.0,0.0,0.0,1
0.0,0.0,0.0,5.890528380827618,0.0,0.0,0.0,0.0,0.0,0.0,0.0,0.0,0.0,0.0,2
0.0,0.0,0.0,-23.158371274851106,0.0,0.0,0.0,0.0,0.0,0.0,0.0,0.0,-1.0,0.0,-2
0.0,0.0,0.0,-171.19306912294633,0.0,0.0,0.0,0.0,0.0,0.0,0.0,0.0,-1.0,-3.0,-1
0.0,0.0,0.0,-38.58683084485256,0.0,0.0,0.0,0.0,0.0,0.0,0.0,1.0,0.0,0.0,-1
0.0,0.0,0.0,-114.91353034190934,0.0,0.0,0.0,0.0,0.0,0.0,0.0,0.0,0.0,-3.0,1
0.0,0.0,1.0,178.548292914865,40.0,91.0,62.0,46.0,26.0,68.0,6.725,0.0,0.0,0.0,7
0.0,0.0,0.0,-22.89007289273877,0.0,0.0,0.0,0.0,0.0,0.0,0.0,0.0,0.0,0.0,-3
0.0,0.0,-1.0,42.68143033484466,-40.0,-91.0,-62.0,-46.0,-26.0,-68.0,-6.725,0.0,1.0,3.0,-3
0.0,0.0,0.0,-160.9619745094992,0.0,0.0,0.0,0.0,0.0,0.0,0.0,0.0,-1.0,-3.0,4
0.0,0.0,-1.0,-95.39047128191578,-40.0,-91.0,-62.0,-46.0,-26.0,-68.0,-6.725,0.0,0.0,0.0,-1
0.0,0.0,0.0,236.97373813070408,0.0,0.0,0.0,0.0,0.0,0.0,0.0,0.0,0.0,3.0,1
0.0,0.0,0.0,239.91235411470416,0.0,0.0,0.0,0.0,0.0,0.0,0.0,0.0,0.0,0.0,0
0.0,0.0,1.0,136.4700377823333,40.0,91.0,62.0,46.0,26.0,68.0,6.725,1.0,1.0,1.0,0
0.0,0.0,0.0,218.19975202345495,0.0,0.0,0.0,0.0,0.0,0.0,0.0,0.0,0.0,3.0,-1
0.0,0.0,0.0,-85.73638422780914,0.0,0.0,0.0,0.0,0.0,0.0,0.0,0.0,0.0,0.0,-2
0.0,0.0,0.0,40.284240405397895,0.0,0.0,0.0,0.0,0.0,0.0,0.0,0.0,0.0,0.0,1
0.0,0.0,0.0,34.837697865617656,0.0,0.0,0.0,0.0,0.0,0.0,0.0,0.0,0.0,0.0,1
0.0,0.0,0.0,-106.43102291327978,0.0,0.0,0.0,0.0,0.0,0.0,0.0,0.0,0.0,0.0,0
0.0,0.0,0.0,189.85440291613827,0.0,0.0,0.0,0.0,0.0,0.0,0.0,0.0,0.0,3.0,2
0.0,0.0,0.0,67.41056819717733,0.0,0.0,0.0,0.0,0.0,0.0,0.0,0.0,0.0,0.0,1
0.0,0.0,0.0,140.4029244238377,0.0,0.0,0.0,0.0,0.0,0.0,0.0,0.0,0.0,2.0,4
0.0,0.0,0.0,57.409947163281686,0.0,0.0,0.0,0.0,0.0,0.0,0.0,0.0,0.0,3.0,0
0.0,0.0,0.0,5.569293241103651,0.0,0.0,0.0,0.0,0.0,0.0,0.0,0.0,0.0,0.0,3
0.0,0.0,0.0,143.3535261624395,0.0,0.0,0.0,0.0,0.0,0.0,0.0,0.0,0.0,0.0,-3
0.0,0.0,1.0,78.85289584770294,40.0,91.0,62.0,46.0,26.0,68.0,6.725,1.0,1.0,1.0,1
0.0,0.0,0.0,145.5469456078854,0.0,0.0,0.0,0.0,0.0,0.0,0.0,0.0,0.0,3.0,1
0.0,0.0,0.0,-60.348563147281766,0.0,0.0,0.0,0.0,0.0,0.0,0.0,0.0,0.0,0.0,0
0.0,0.0,0.0,37.8151085499519,0.0,0.0,0.0,0.0,0.0,0.0,0.0,0.0,0.0,0.0,1
0.0,0.0,0.0,223.7067653870456,0.0,0.0,0.0,0.0,0.0,0.0,0.0,0.0,0.0,3.0,3
0.0,0.0,0.0,72.57866044237244,0.0,0.0,0.0,0.0,0.0,0.0,0.0,0.0,0.0,0.0,2
0.0,0.0,0.0,-108.29322792154653,0.0,0.0,0.0,0.0,0.0,0.0,0.0,0.0,0.0,0.0,1
0.0,0.0,0.0,81.1669001297671,0.0,0.0,0.0,0.0,0.0,0.0,0.0,0.0,0.0,0.0,1
0.0,0.0,0.0,84.46646795256152,0.0,0.0,0.0,0.0,0.0,0.0,0.0,0.0,0.0,2.0,1
0.0,0.0,0.0,50.36716323017254,0.0,0.0,0.0,0.0,0.0,0.0,0.0,0.0,0.0,0.0,4
0.0,0.0,0.0,-57.617141934630354,0.0,0.0,0.0,0.0,0.0,0.0,0.0,0.0,0.0,0.0,-2
0.0,0.0,1.0,-6.883488380106201,40.0,91.0,62.0,46.0,26.0,68.0,6.725,1.0,1.0,1.0,-1
0.0,0.0,0.0,-179.5637909674224,0.0,0.0,0.0,0.0,0.0,0.0,0.0,0.0,0.0,0.0,-2
0.0,0.0,0.0,297.32230127798584,0.0,0.0,0.0,0.0,0.0,0.0,0.0,0.0,0.0,3.0,1
0.0,0.0,0.0,180.38464347350305,0.0,0.0,0.0,0.0,0.0,0.0,0.0,0.0,0.0,3.0,0
0.0,0.0,0.0,-72.65280641556956,0.0,0.0,0.0,0.0,0.0,0.0,0.0,0.0,0.0,0.0,0
0.0,0.0,0.0,33.85236247090734,0.0,0.0,0.0,0.0,0.0,0.0,0.0,0.0,0.0,0.0,5
0.0,0.0,0.0,117.27574247376583,0.0,0.0,0.0,0.0,0.0,0.0,0.0,0.0,0.0,3.0,0
0.0,0.0,0.0,-40.882659724369205,0.0,0.0,0.0,0.0,0.0,0.0,0.0,0.0,0.0,0.0,-1
0.0,0.0,0.0,-148.57746832694443,0.0,0.0,0.0,0.0,0.0,0.0,0.0,0.0,0.0,0.0,-1
0.0,0.0,0.0,90.03576119366517,0.0,0.0,0.0,0.0,0.0,0.0,0.0,0.0,0.0,2.0,-2
0.0,0.0,0.0,-55.93645647127619,0.0,0.0,0.0,0.0,0.0,0.0,0.0,0.0,0.0,0.0,-2
0.0,0.0,0.0,182.35390822648515,0.0,0.0,0.0,0.0,0.0,0.0,0.0,0.0,0.0,3.0,1
0.0,0.0,0.0,160.38617000921295,0.0,0.0,0.0,0.0,0.0,0.0,0.0,0.0,0.0,0.0,3
0.0,0.0,0.0,-88.00117820246919,0.0,0.0,0.0,0.0,0.0,0.0,0.0,0.0,0.0,0.0,-2
0.0,0.0,0.0,18.188583748928295,0.0,0.0,0.0,0.0,0.0,0.0,0.0,0.0,0.0,-2.0,1
0.0,0.0,0.0,94.77769421460516,0.0,0.0,0.0,0.0,0.0,0.0,0.0,0.0,0.0,0.0,2
0.0,0.0,-1.0,145.13175156428042,-40.0,-91.0,-62.0,-46.0,-26.0,-68.0,-6.725,-1.0,-1.0,2.0,1
0.0,0.0,0.0,-226.45902021545612,0.0,0.0,0.0,0.0,0.0,0.0,0.0,0.0,0.0,-3.0,-1
0.0,0.0,0.0,51.643669983056725,0.0,0.0,0.0,0.0,0.0,0.0,0.0,0.0,0.0,0.0,0
0.0,0.0,0.0,106.77132466719286,0.0,0.0,0.0,0.0,0.0,0.0,0.0,0.0,0.0,3.0,1
0.0,0.0,0.0,-137.8663524790577,0.0,0.0,0.0,0.0,0.0,0.0,0.0,0.0,0.0,-3.0,-1
0.0,0.0,0.0,-182.6669359526486,0.0,0.0,0.0,0.0,0.0,0.0,0.0,0.0,0.0,-3.0,1
0.0,0.0,0.0,-20.97252071040839,0.0,0.0,0.0,0.0,0.0,0.0,0.0,0.0,0.0,0.0,0
0.0,0.0,0.0,-232.02831345655977,0.0,0.0,0.0,0.0,0.0,0.0,0.0,0.0,0.0,-3.0,-1
0.0,0.0,0.0,-117.27574247376583,0.0,0.0,0.0,0.0,0.0,0.0,0.0,0.0,0.0,-3.0,-1
0.0,0.0,0.0,129.19686565300185,0.0,0.0,0.0,0.0,0.0,0.0,0.0,0.0,0.0,0.0,4
0.0,0.0,0.0,14.44429467020791,0.0,0.0,0.0,0.0,0.0,0.0,0.0,0.0,0.0,0.0,0
0.0,0.0,0.0,247.84597714818437,0.0,0.0,0.0,0.0,0.0,0.0,0.0,0.0,0.0,3.0,1
0.0,0.0,0.0,-48.55147081368523,0.0,0.0,0.0,0.0,0.0,0.0,0.0,1.0,-1.0,-4.0,-1
0.0,0.0,0.0,196.87868072158153,0.0,0.0,0.0,0.0,0.0,0.0,0.0,0.0,0.0,1.0,1
0.0,0.0,0.0,278.63371790200017,0.0,0.0,0.0,0.0,0.0,0.0,0.0,0.0,0.0,0.0,8
0.0,0.0,0.0,72.22733741666252,0.0,0.0,0.0,0.0,0.0,0.0,0.0,0.0,0.0,0.0,5
0.0,0.0,1.0,104.36460568076131,40.0,91.0,62.0,46.0,26.0,68.0,6.725,0.0,0.0,1.0,0
0.0,0.0,0.0,231.10519984255234,0.0,0.0,0.0,0.0,0.0,0.0,0.0,0.0,1.0,4.0,-1
0.0,0.0,0.0,-65.29224811931726,0.0,0.0,0.0,0.0,0.0,0.0,0.0,1.0,0.0,-3.0,1
0.0,0.0,0.0,-0.8003291930840533,0.0,0.0,0.0,0.0,0.0,0.0,0.0,0.0,0.0,0.0,0
0.0,0.0,0.0,80.95470798733459,0.0,0.0,0.0,0.0,0.0,0.0,0.0,0.0,0.0,-1.0,2
0.0,0.0,0.0,99.26216002995898,0.0,0.0,0.0,0.0,0.0,0.0,0.0,0.0,0.0,0.0,2
0.0,0.0,1.0,131.39942829405777,40.0,91.0,62.0,46.0,26.0,68.0,6.725,0.0,0.0,1.0,2
0.0,0.0,0.0,-16.740777305632037,0.0,0.0,0.0,0.0,0.0,0.0,0.0,0.0,1.0,1.0,-5
0.0,0.0,0.0,182.5537290288671,0.0,0.0,0.0,0.0,0.0,0.0,0.0,1.0,0.0,0.0,2
0.0,0.0,0.0,-197.67900991466558,0.0,0.0,0.0,0.0,0.0,0.0,0.0,0.0,0.0,-1.0,-1
0.0,0.0,0.0,277.8333887089161,0.0,0.0,0.0,0.0,0.0,0.0,0.0,0.0,0.0,0.0,7
0.0,0.0,0.0,27.034822613296456,0.0,0.0,0.0,0.0,0.0,0.0,0.0,0.0,0.0,0.0,2
0.0,0.0,1.0,203.6267657107203,40.0,91.0,62.0,46.0,26.0,68.0,6.725,0.0,0.0,1.0,3
0.0,0.0,-1.0,-196.787045710744,-40.0,-91.0,-62.0,-46.0,-26.0,-68.0,-6.725,0.0,0.0,-1.0,-4
0.0,0.0,0.0,222.6116037327081,0.0,0.0,0.0,0.0,0.0,0.0,0.0,0.0,0.0,0.0,2
0.0,0.0,0.0,40.801463986124645,0.0,0.0,0.0,0.0,0.0,0.0,0.0,0.0,0.0,2.0,3
0.0,0.0,0.0,90.13128899888443,0.0,0.0,0.0,0.0,0.0,0.0,0.0,1.0,0.0,0.0,0
0.0,0.0,1.0,-91.21217543865032,40.0,91.0,62.0,46.0,26.0,68.0,6.725,0.0,0.0,1.0,-1
0.0,0.0,0.0,155.4235371182017,0.0,0.0,0.0,0.0,0.0,0.0,0.0,0.0,0.0,3.0,1
0.0,0.0,-1.0,-104.36460568076131,-40.0,-91.0,-62.0,-46.0,-26.0,-68.0,-6.725,0.0,0.0,-1.0,-2
0.0,0.0,0.0,-40.15324400120994,0.0,0.0,0.0,0.0,0.0,0.0,0.0,0.0,0.0,3.0,-2
0.0,0.0,0.0,174.77640717997474,0.0,0.0,0.0,0.0,0.0,0.0,0.0,0.0,0.0,4.0,1
0.0,0.0,0.0,-216.54697700882798,0.0,0.0,0.0,0.0,0.0,0.0,0.0,0.0,-1.0,-1.0,0
0.0,0.0,0.0,272.0474671095103,0.0,0.0,0.0,0.0,0.0,0.0,0.0,0.0,0.0,3.0,0
0.0,0.0,0.0,-21.84861694815777,0.0,0.0,0.0,0.0,0.0,0.0,0.0,0.0,0.0,0.0,0
0.0,0.0,0.0,78.2294978299044,0.0,0.0,0.0,0.0,0.0,0.0,0.0,0.0,0.0,0.0,0
0.0,0.0,0.0,-62.77354026067496,0.0,0.0,0.0,0.0,0.0,0.0,0.0,0.0,0.0,0.0,-1
0.0,0.0,0.0,276.8513733186335,0.0,0.0,0.0,0.0,0.0,0.0,0.0,1.0,0.0,0.0,3
0.0,0.0,0.0,124.45266774987158,0.0,0.0,0.0,0.0,0.0,0.0,0.0,0.0,0.0,0.0,-1
0.0,0.0,0.0,-203.9693215112427,0.0,0.0,0.0,0.0,0.0,0.0,0.0,0.0,0.0,0.0,-2
0.0,0.0,0.0,121.13113592909804,0.0,0.0,0.0,0.0,0.0,0.0,0.0,0.0,0.0,0.0,0
0.0,0.0,0.0,233.5037553466816,0.0,0.0,0.0,0.0,0.0,0.0,0.0,0.0,0.0,2.0,1
0.0,0.0,0.0,127.73160788140012,0.0,0.0,0.0,0.0,0.0,0.0,0.0,0.0,0.0,0.0,1
0.0,0.0,0.0,-175.37634297390946,0.0,0.0,0.0,0.0,0.0,0.0,0.0,0.0,0.0,0.0,-2
0.0,0.0,0.0,139.55634702522775,0.0,0.0,0.0,0.0,0.0,0.0,0.0,0.0,0.0,1.0,2
0.0,0.0,0.0,86.25699347749241,0.0,0.0,0.0,0.0,0.0,0.0,0.0,0.0,0.0,0.0,1
0.0,0.0,-1.0,131.0429580991772,-40.0,-91.0,-62.0,-46.0,-26.0,-68.0,-6.725,0.0,0.0,2.0,2
0.0,0.0,0.0,-258.4617238151345,0.0,0.0,0.0,0.0,0.0,0.0,0.0,0.0,-1.0,-1.0,0
0.0,0.0,0.0,132.8616603736682,0.0,0.0,0.0,0.0,0.0,0.0,0.0,0.0,0.0,4.0,3
0.0,0.0,0.0,-65.82193305969872,0.0,0.0,0.0,0.0,0.0,0.0,0.0,0.0,0.0,0.0,0
0.0,0.0,0.0,228.07415099796935,0.0,0.0,0.0,0.0,0.0,0.0,0.0,0.0,0.0,3.0,3
0.0,0.0,0.0,-59.167777354712825,0.0,0.0,0.0,0.0,0.0,0.0,0.0,0.0,0.0,0.0,0
0.0,0.0,0.0,280.4571362245956,0.0,0.0,0.0,0.0,0.0,0.0,0.0,1.0,0.0,0.0,4
0.0,0.0,0.0,-17.807041653118404,0.0,0.0,0.0,0.0,0.0,0.0,0.0,0.0,0.0,0.0,1
0.0,0.0,0.0,28.416128266848773,0.0,0.0,0.0,0.0,0.0,0.0,0.0,0.0,0.0,0.0,0
0.0,0.0,0.0,-313.5644247335092,0.0,0.0,0.0,0.0,0.0,0.0,0.0,0.0,0.0,0.0,-1
0.0,0.0,0.0,-82.29798292189594,0.0,0.0,0.0,0.0,0.0,0.0,0.0,0.0,0.0,0.0,0
0.0,0.0,0.0,242.8024745184448,0.0,0.0,0.0,0.0,0.0,0.0,0.0,0.0,0.0,0.0,5
0.0,0.0,0.0,19.80054566415106,0.0,0.0,0.0,0.0,0.0,0.0,0.0,0.0,0.0,3.0,0
0.0,0.0,0.0,95.31567358708185,0.0,0.0,0.0,0.0,0.0,0.0,0.0,0.0,0.0,2.0,5
0.0,0.0,1.0,16.48919544637397,40.0,91.0,62.0,46.0,26.0,68.0,6.725,0.0,0.0,1.0,-1
0.0,0.0,0.0,-34.44268143663953,0.0,0.0,0.0,0.0,0.0,0.0,0.0,0.0,0.0,0.0,1
0.0,0.0,0.0,-87.74203498437487,0.0,0.0,0.0,0.0,0.0,0.0,0.0,0.0,0.0,-1.0,1
0.0,0.0,0.0,-43.97331611154095,0.0,0.0,0.0,0.0,0.0,0.0,0.0,0.0,0.0,0.0,0
0.0,0.0,0.0,206.22553404981159,0.0,0.0,0.0,0.0,0.0,0.0,0.0,0.0,0.0,3.0,1
0.0,0.0,0.0,-83.68531663515978,0.0,0.0,0.0,0.0,0.0,0.0,0.0,0.0,-1.0,3.0,-1
0.0,0.0,0.0,-41.91474680630654,0.0,0.0,0.0,0.0,0.0,0.0,0.0,0.0,0.0,0.0,-3
0.0,0.0,0.0,217.68359596392065,0.0,0.0,0.0,0.0,0.0,0.0,0.0,1.0,0.0,0.0,1
0.0,0.0,0.0,3.6057629059621377,0.0,0.0,0.0,0.0,0.0,0.0,0.0,0.0,0.0,0.0,0
0.0,0.0,0.0,-96.0365394830228,0.0,0.0,0.0,0.0,0.0,0.0,0.0,0.0,0.0,0.0,-2
0.0,0.0,0.0,106.64562609675318,0.0,0.0,0.0,0.0,0.0,0.0,0.0,0.0,0.0,0.0,5
0.0,0.0,0.0,121.67133858934676,0.0,0.0,0.0,0.0,0.0,0.0,0.0,0.0,0.0,0.0,0
0.0,0.0,0.0,38.8331530072021,0.0,0.0,0.0,0.0,0.0,0.0,0.0,0.0,0.0,0.0,0
0.0,0.0,0.0,147.53215354555118,0.0,0.0,0.0,0.0,0.0,0.0,0.0,0.0,0.0,3.0,2
0.0,0.0,1.0,-111.24241243502615,40.0,91.0,62.0,46.0,26.0,68.0,6.725,0.0,0.0,1.0,-1
0.0,0.0,0.0,-80.06066938682761,0.0,0.0,0.0,0.0,0.0,0.0,0.0,0.0,0.0,2.0,1
0.0,0.0,0.0,-138.18808175959975,0.0,0.0,0.0,0.0,0.0,0.0,0.0,0.0,0.0,0.0,-1
0.0,0.0,0.0,-173.99902846186728,0.0,0.0,0.0,0.0,0.0,0.0,0.0,0.0,0.0,-1.0,-2
0.0,0.0,0.0,51.81431204085288,0.0,0.0,0.0,0.0,0.0,0.0,0.0,0.0,0.0,0.0,0
0.0,0.0,0.0,17.16881333533547,0.0,0.0,0.0,0.0,0.0,0.0,0.0,0.0,-1.0,2.0,1
0.0,0.0,0.0,171.19333713901506,0.0,0.0,0.0,0.0,0.0,0.0,0.0,0.0,0.0,4.0,3
0.0,0.0,0.0,231.59988119946684,0.0,0.0,0.0,0.0,0.0,0.0,0.0,1.0,0.0,0.0,1
0.0,0.0,0.0,-109.95282471856899,0.0,0.0,0.0,0.0,0.0,0.0,0.0,0.0,0.0,0.0,-3
0.0,0.0,0.0,99.65885923490009,0.0,0.0,0.0,0.0,0.0,0.0,0.0,0.0,0.0,3.0,1
0.0,0.0,0.0,-41.02516056354693,0.0,0.0,0.0,0.0,0.0,0.0,0.0,0.0,0.0,0.0,1
0.0,0.0,0.0,-99.11168602513453,0.0,0.0,0.0,0.0,0.0,0.0,0.0,0.0,0.0,0.0,-1
0.0,0.0,0.0,-68.69101834606795,0.0,0.0,0.0,0.0,0.0,0.0,0.0,0.0,0.0,1.0,0
0.0,0.0,0.0,-40.97477486491107,0.0,0.0,0.0,0.0,0.0,0.0,0.0,-1.0,0.0,3.0,0
0.0,0.0,0.0,75.85469112851433,0.0,0.0,0.0,0.0,0.0,0.0,0.0,0.0,0.0,4.0,1
0.0,0.0,0.0,7.073359679668101,0.0,0.0,0.0,0.0,0.0,0.0,0.0,0.0,0.0,-2.0,1
0.0,0.0,0.0,-12.161603479461519,0.0,0.0,0.0,0.0,0.0,0.0,0.0,0.0,0.0,3.0,-3
0.0,0.0,0.0,24.72907331417491,0.0,0.0,0.0,0.0,0.0,0.0,0.0,0.0,0.0,4.0,0
0.0,0.0,0.0,93.57066844242172,0.0,0.0,0.0,0.0,0.0,0.0,0.0,1.0,0.0,0.0,1
0.0,0.0,0.0,-72.98730970715951,0.0,0.0,0.0,0.0,0.0,0.0,0.0,0.0,0.0,0.0,-1
0.0,0.0,0.0,-141.82890483540632,0.0,0.0,0.0,0.0,0.0,0.0,0.0,-1.0,0.0,4.0,-3
0.0,0.0,1.0,158.30251291037098,40.0,91.0,62.0,46.0,26.0,68.0,6.725,1.0,0.0,1.0,3
0.0,0.0,0.0,35.897484443824396,0.0,0.0,0.0,0.0,0.0,0.0,0.0,0.0,0.0,0.0,1
0.0,0.0,0.0,148.53597616354728,0.0,0.0,0.0,0.0,0.0,0.0,0.0,0.0,0.0,4.0,6
0.0,0.0,0.0,-76.86706600993102,0.0,0.0,0.0,0.0,0.0,0.0,0.0,0.0,0.0,0.0,0
0.0,0.0,0.0,-88.97273628407265,0.0,0.0,0.0,0.0,0.0,0.0,0.0,0.0,0.0,0.0,0
0.0,0.0,0.0,139.77652686458873,0.0,0.0,0.0,0.0,0.0,0.0,0.0,0.0,0.0,1.0,1
0.0,0.0,0.0,3.564662254873838,0.0,0.0,0.0,0.0,0.0,0.0,0.0,0.0,0.0,0.0,-1
0.0,0.0,0.0,-82.22025868255355,0.0,0.0,0.0,0.0,0.0,0.0,0.0,0.0,0.0,0.0,0
0.0,0.0,0.0,-230.67804720597996,0.0,0.0,0.0,0.0,0.0,0.0,0.0,0.0,0.0,0.0,-5
0.0,0.0,0.0,293.5875080606377,0.0,0.0,0.0,0.0,0.0,0.0,0.0,0.0,0.0,1.0,6
0.0,0.0,0.0,-234.89113732824603,0.0,0.0,0.0,0.0,0.0,0.0,0.0,0.0,0.0,0.0,-2
0.0,0.0,0.0,188.56836308951688,0.0,0.0,0.0,0.0,0.0,0.0,0.0,0.0,0.0,0.0,7
0.0,0.0,0.0,-68.690383712232,0.0,0.0,0.0,0.0,0.0,0.0,0.0,0.0,0.0,1.0,2
0.0,0.0,0.0,9.388574105521457,0.0,0.0,0.0,0.0,0.0,0.0,0.0,0.0,0.0,0.0,2
0.0,0.0,1.0,152.47860105972336,40.0,91.0,62.0,46.0,26.0,68.0,6.725,1.0,0.0,1.0,6
0.0,0.0,0.0,128.25362359170663,0.0,0.0,0.0,0.0,0.0,0.0,0.0,0.0,0.0,3.0,6
0.0,0.0,0.0,-153.81098119604894,0.0,0.0,0.0,0.0,0.0,0.0,0.0,0.0,0.0,0.0,-3
0.0,0.0,0.0,270.7886217720704,0.0,0.0,0.0,0.0,0.0,0.0,0.0,0.0,0.0,0.0,2
0.0,0.0,0.0,-152.67087864569248,0.0,0.0,0.0,0.0,0.0,0.0,0.0,0.0,0.0,0.0,-2
0.0,0.0,0.0,370.4545740705687,0.0,0.0,0.0,0.0,0.0,0.0,0.0,0.0,0.0,1.0,4
0.0,0.0,0.0,-20.282352571840647,0.0,0.0,0.0,0.0,0.0,0.0,0.0,0.0,0.0,-1.0,0
0.0,0.0,0.0,5.823911850647619,0.0,0.0,0.0,0.0,0.0,0.0,0.0,0.0,0.0,0.0,2
0.0,0.0,0.0,-217.22635987577928,0.0,0.0,0.0,0.0,0.0,0.0,0.0,0.0,0.0,-3.0,-2
0.0,0.0,1.0,148.91393880484952,40.0,91.0,62.0,46.0,26.0,68.0,6.725,1.0,0.0,1.0,3
0.0,0.0,0.0,97.22198623119516,0.0,0.0,0.0,0.0,0.0,0.0,0.0,0.0,0.0,0.0,2
0.0,0.0,0.0,78.45202507721797,0.0,0.0,0.0,0.0,0.0,0.0,0.0,0.0,0.0,1.0,2
0.0,0.0,1.0,-0.830233095000267,40.0,91.0,62.0,46.0,26.0,68.0,6.725,1.0,0.0,-2.0,1
0.0,0.0,0.0,173.59118672656427,0.0,0.0,0.0,0.0,0.0,0.0,0.0,0.0,0.0,4.0,1
0.0,0.0,1.0,-21.112585666840914,40.0,91.0,62.0,46.0,26.0,68.0,6.725,1.0,0.0,-3.0,2
0.0,0.0,0.0,42.55454063339357,0.0,0.0,0.0,0.0,0.0,0.0,0.0,0.0,0.0,1.0,-5
0.0,0.0,0.0,-45.94674812668313,0.0,0.0,0.0,0.0,0.0,0.0,0.0,0.0,0.0,3.0,0
0.0,0.0,1.0,-24.504793160130475,40.0,91.0,62.0,46.0,26.0,68.0,6.725,1.0,0.0,1.0,0
0.0,0.0,0.0,92.66230254883044,0.0,0.0,0.0,0.0,0.0,0.0,0.0,0.0,0.0,1.0,-1
0.0,0.0,0.0,62.47466342682446,0.0,0.0,0.0,0.0,0.0,0.0,0.0,0.0,0.0,0.0,0
0.0,0.0,0.0,-36.422787597076194,0.0,0.0,0.0,0.0,0.0,0.0,0.0,0.0,0.0,2.0,-1
0.0,0.0,0.0,246.73782832848656,0.0,0.0,0.0,0.0,0.0,0.0,0.0,0.0,0.0,3.0,8
0.0,0.0,0.0,117.8491582727313,0.0,0.0,0.0,0.0,0.0,0.0,0.0,0.0,0.0,2.0,1
0.0,0.0,0.0,37.673311301247395,0.0,0.0,0.0,0.0,0.0,0.0,0.0,0.0,0.0,0.0,0
0.0,0.0,0.0,78.21854628820506,0.0,0.0,0.0,0.0,0.0,0.0,0.0,0.0,0.0,1.0,0
0.0,0.0,0.0,157.52155000536663,0.0,0.0,0.0,0.0,0.0,0.0,0.0,0.0,0.0,0.0,2
0.0,0.0,0.0,93.62511409395711,0.0,0.0,0.0,0.0,0.0,0.0,0.0,0.0,0.0,0.0,-1
0.0,0.0,0.0,178.87716980456753,0.0,0.0,0.0,0.0,0.0,0.0,0.0,0.0,0.0,4.0,1
0.0,0.0,0.0,117.55173661204526,0.0,0.0,0.0,0.0,0.0,0.0,0.0,0.0,0.0,3.0,2
0.0,0.0,0.0,23.35237058316534,0.0,0.0,0.0,0.0,0.0,0.0,0.0,0.0,0.0,0.0,-2
0.0,0.0,0.0,-108.26328509892755,0.0,0.0,0.0,0.0,0.0,0.0,0.0,0.0,0.0,0.0,0
0.0,0.0,0.0,-105.06902907534436,0.0,0.0,0.0,0.0,0.0,0.0,0.0,0.0,0.0,0.0,2
0.0,0.0,0.0,65.85761280948259,0.0,0.0,0.0,0.0,0.0,0.0,0.0,0.0,0.0,0.0,2
0.0,0.0,1.0,104.11354844018138,40.0,91.0,62.0,46.0,26.0,68.0,6.725,0.0,1.0,2.0,1
0.0,0.0,0.0,110.2805547338553,0.0,0.0,0.0,0.0,0.0,0.0,0.0,0.0,0.0,3.0,0
0.0,0.0,0.0,-40.707530783739,0.0,0.0,0.0,0.0,0.0,0.0,0.0,0.0,0.0,0.0,0
0.0,0.0,0.0,73.9826101678068,0.0,0.0,0.0,0.0,0.0,0.0,0.0,0.0,0.0,0.0,1
0.0,0.0,0.0,169.79262092964564,0.0,0.0,0.0,0.0,0.0,0.0,0.0,0.0,0.0,-1.0,0
0.0,0.0,0.0,119.35490432253141,0.0,0.0,0.0,0.0,0.0,0.0,0.0,0.0,0.0,0.0,1
0.0,0.0,0.0,70.93572821645989,0.0,0.0,0.0,0.0,0.0,0.0,0.0,0.0,0.0,0.0,2
0.0,0.0,0.0,-79.72429233800517,0.0,0.0,0.0,0.0,0.0,0.0,0.0,0.0,0.0,1.0,-1
0.0,0.0,0.0,48.91251048765935,0.0,0.0,0.0,0.0,0.0,0.0,0.0,0.0,0.0,0.0,1
0.0,0.0,0.0,12.0580038833034,0.0,0.0,0.0,0.0,0.0,0.0,0.0,0.0,0.0,3.0,-1
0.0,0.0,0.0,237.29753663272936,0.0,0.0,0.0,0.0,0.0,0.0,0.0,0.0,0.0,4.0,4
0.0,0.0,0.0,11.868618634784752,0.0,0.0,0.0,0.0,0.0,0.0,0.0,0.0,0.0,0.0,1
0.0,0.0,0.0,-81.77273741132717,0.0,0.0,0.0,0.0,0.0,0.0,0.0,0.0,0.0,0.0,0
0.0,0.0,0.0,-118.07676489349501,0.0,0.0,0.0,0.0,0.0,0.0,0.0,0.0,0.0,0.0,1
0.0,0.0,-1.0,-148.95243546007146,-40.0,-91.0,-62.0,-46.0,-26.0,-68.0,-6.725,0.0,-1.0,-2.0,0
0.0,0.0,0.0,-56.04413301491513,0.0,0.0,0.0,0.0,0.0,0.0,0.0,0.0,0.0,0.0,0
0.0,0.0,0.0,-60.23014205545428,0.0,0.0,0.0,0.0,0.0,0.0,0.0,0.0,0.0,0.0,4
0.0,0.0,0.0,-133.36983333256944,0.0,0.0,0.0,0.0,0.0,0.0,0.0,0.0,0.0,-1.0,2
0.0,0.0,0.0,77.1303183808152,0.0,0.0,0.0,0.0,0.0,0.0,0.0,0.0,0.0,-2.0,0
0.0,0.0,0.0,-172.75521816067976,0.0,0.0,0.0,0.0,0.0,0.0,0.0,0.0,0.0,-3.0,-2
0.0,0.0,0.0,-136.45727359463126,0.0,0.0,0.0,0.0,0.0,0.0,0.0,0.0,0.0,0.0,-3
0.0,0.0,0.0,-197.57345061073647,0.0,0.0,0.0,0.0,0.0,0.0,0.0,0.0,0.0,-1.0,0
0.0,0.0,0.0,1.5057460498001092,0.0,0.0,0.0,0.0,0.0,0.0,0.0,0.0,0.0,-2.0,0
0.0,0.0,0.0,-86.58582178890674,0.0,0.0,0.0,0.0,0.0,0.0,0.0,0.0,0.0,0.0,-2
0.0,0.0,0.0,-108.60903951770729,0.0,0.0,0.0,0.0,0.0,0.0,0.0,0.0,0.0,0.0,-1
0.0,0.0,0.0,-260.6499072158947,0.0,0.0,0.0,0.0,0.0,0.0,0.0,0.0,0.0,-4.0,-3
0.0,0.0,0.0,58.42036682816183,0.0,0.0,0.0,0.0,0.0,0.0,0.0,0.0,0.0,0.0,3
0.0,0.0,0.0,-105.49373272874186,0.0,0.0,0.0,0.0,0.0,0.0,0.0,0.0,0.0,0.0,1
0.0,0.0,0.0,-105.68311797726051,0.0,0.0,0.0,0.0,0.0,0.0,0.0,0.0,0.0,-3.0,0
0.0,0.0,0.0,-9.813479794567456,0.0,0.0,0.0,0.0,0.0,0.0,0.0,0.0,0.0,0.0,1
0.0,0.0,0.0,52.21915208401242,0.0,0.0,0.0,0.0,0.0,0.0,0.0,0.0,0.0,0.0,-2
0.0,0.0,-1.0,-43.883406384727095,-40.0,-91.0,-62.0,-46.0,-26.0,-68.0,-6.725,0.0,-1.0,-2.0,2
0.0,0.0,0.0,44.83888701989008,0.0,0.0,0.0,0.0,0.0,0.0,0.0,0.0,0.0,0.0,-1
0.0,0.0,0.0,139.55848629738557,0.0,0.0,0.0,0.0,0.0,0.0,0.0,0.0,0.0,3.0,1
0.0,0.0,0.0,-145.38713123790944,0.0,0.0,0.0,0.0,0.0,0.0,0.0,0.0,0.0,-1.0,-3
0.0,0.0,0.0,26.46105416596538,0.0,0.0,0.0,0.0,0.0,0.0,0.0,0.0,0.0,0.0,-1
0.0,0.0,0.0,41.65779665292962,0.0,0.0,0.0,0.0,0.0,0.0,0.0,0.0,0.0,0.0,0
0.0,0.0,-1.0,-85.94966917379315,-40.0,-91.0,-62.0,-46.0,-26.0,-68.0,-6.725,0.0,-1.0,-2.0,-2
0.0,0.0,0.0,300.10820232024366,0.0,0.0,0.0,0.0,0.0,0.0,0.0,0.0,0.0,4.0,2
0.0,0.0,0.0,-229.4943176146037,0.0,0.0,0.0,0.0,0.0,0.0,0.0,0.0,0.0,0.0,-1
0.0,0.0,0.0,-168.6858842635388,0.0,0.0,0.0,0.0,0.0,0.0,0.0,0.0,0.0,-3.0,1
0.0,0.0,0.0,-137.07616970786853,0.0,0.0,0.0,0.0,0.0,0.0,0.0,0.0,0.0,-3.0,-1
0.0,0.0,-1.0,42.72890629778885,-40.0,-91.0,-62.0,-46.0,-26.0,-68.0,-6.725,0.0,-1.0,1.0,1
0.0,0.0,0.0,123.05858367693463,0.0,0.0,0.0,0.0,0.0,0.0,0.0,0.0,0.0,0.0,0
0.0,0.0,0.0,-62.87860035747144,0.0,0.0,0.0,0.0,0.0,0.0,0.0,0.0,0.0,0.0,-1
0.0,0.0,0.0,191.6813417578603,0.0,0.0,0.0,0.0,0.0,0.0,0.0,0.0,0.0,3.0,1
0.0,0.0,0.0,178.87716980456753,0.0,0.0,0.0,0.0,0.0,0.0,0.0,0.0,0.0,4.0,1
0.0,0.0,0.0,-147.0826015936682,0.0,0.0,0.0,0.0,0.0,0.0,0.0,0.0,0.0,0.0,-1
0.0,0.0,0.0,-134.2784296403754,0.0,0.0,0.0,0.0,0.0,0.0,0.0,0.0,0.0,-1.0,-2
0.0,0.0,0.0,29.641970360552023,0.0,0.0,0.0,0.0,0.0,0.0,0.0,0.0,0.0,0.0,2
0.0,0.0,0.0,-66.71439738008758,0.0,0.0,0.0,0.0,0.0,0.0,0.0,0.0,0.0,0.0,-3
0.0,0.0,0.0,288.63052953883584,0.0,0.0,0.0,0.0,0.0,0.0,0.0,0.0,0.0,3.0,3
0.0,0.0,0.0,-85.98458214326024,0.0,0.0,0.0,0.0,0.0,0.0,0.0,0.0,0.0,-2.0,6
0.0,0.0,2.0,28.995838219009784,40.0,91.0,62.0,46.0,26.0,68.0,6.725,1.0,0.0,2.0,2
0.0,0.0,0.0,336.6960728144536,0.0,0.0,0.0,0.0,0.0,0.0,0.0,0.0,1.0,5.0,3
0.0,0.0,0.0,-174.27704558466212,0.0,0.0,0.0,0.0,0.0,0.0,0.0,0.0,0.0,0.0,-1
0.0,0.0,0.0,91.30687537166068,0.0,0.0,0.0,0.0,0.0,0.0,0.0,0.0,0.0,0.0,1
0.0,0.0,0.0,-94.55768458054717,0.0,0.0,0.0,0.0,0.0,0.0,0.0,0.0,-1.0,-4.0,-3
0.0,0.0,0.0,365.7591720885382,0.0,0.0,0.0,0.0,0.0,0.0,0.0,0.0,0.0,3.0,3
0.0,0.0,0.0,212.4964178733544,0.0,0.0,0.0,0.0,0.0,0.0,0.0,0.0,0.0,1.0,1
0.0,0.0,0.0,-8.855939593557878,0.0,0.0,0.0,0.0,0.0,0.0,0.0,0.0,0.0,-2.0,3
0.0,0.0,0.0,-95.27159810791295,0.0,0.0,0.0,0.0,0.0,0.0,0.0,0.0,0.0,0.0,-3
0.0,0.0,0.0,168.1982852047688,0.0,0.0,0.0,0.0,0.0,0.0,0.0,0.0,0.0,0.0,1
0.0,0.0,0.0,170.31232284840985,0.0,0.0,0.0,0.0,0.0,0.0,0.0,0.0,0.0,0.0,0
0.0,0.0,2.0,263.90852080386617,40.0,91.0,62.0,46.0,26.0,68.0,6.725,1.0,0.0,2.0,5
0.0,0.0,0.0,-124.1996549410992,0.0,0.0,0.0,0.0,0.0,0.0,0.0,0.0,-1.0,-4.0,0
0.0,0.0,0.0,-242.13838823390643,0.0,0.0,0.0,0.0,0.0,0.0,0.0,0.0,0.0,-1.0,-6
0.0,0.0,0.0,-279.77458994527797,0.0,0.0,0.0,0.0,0.0,0.0,0.0,0.0,0.0,-1.0,-5
0.0,0.0,0.0,77.12864254970236,0.0,0.0,0.0,0.0,0.0,0.0,0.0,0.0,0.0,0.0,2
0.0,0.0,0.0,234.91268258485638,0.0,0.0,0.0,0.0,0.0,0.0,0.0,0.0,0.0,0.0,3
0.0,0.0,-2.0,-197.1941234237786,-40.0,-91.0,-62.0,-46.0,-26.0,-68.0,-6.725,-1.0,0.0,-2.0,-3
0.0,0.0,0.0,79.00544747674917,0.0,0.0,0.0,0.0,0.0,0.0,0.0,0.0,0.0,0.0,1
0.0,0.0,0.0,-3.96472273625227,0.0,0.0,0.0,0.0,0.0,0.0,0.0,0.0,0.0,0.0,1
0.0,0.0,0.0,131.686993591366,0.0,0.0,0.0,0.0,0.0,0.0,0.0,0.0,1.0,5.0,-1
0.0,0.0,2.0,-8.133470791809032,40.0,91.0,62.0,46.0,26.0,68.0,6.725,1.0,0.0,1.0,1
0.0,0.0,0.0,231.86974890627857,0.0,0.0,0.0,0.0,0.0,0.0,0.0,0.0,0.0,3.0,6
0.0,0.0,0.0,52.796057896305,0.0,0.0,0.0,0.0,0.0,0.0,0.0,0.0,0.0,0.0,-1
0.0,0.0,2.0,-94.01640603287274,40.0,91.0,62.0,46.0,26.0,68.0,6.725,1.0,0.0,-1.0,-3
0.0,0.0,0.0,165.61828528695332,0.0,0.0,0.0,0.0,0.0,0.0,0.0,0.0,0.0,0.0,1
0.0,0.0,2.0,194.6141235059631,40.0,91.0,62.0,46.0,26.0,68.0,6.725,1.0,0.0,2.0,2
0.0,0.0,0.0,123.01224425188252,0.0,0.0,0.0,0.0,0.0,0.0,0.0,0.0,0.0,3.0,1
0.0,0.0,0.0,283.3830222959007,0.0,0.0,0.0,0.0,0.0,0.0,0.0,1.0,1.0,4.0,2
0.0,0.0,0.0,14.414606684389582,0.0,0.0,0.0,0.0,0.0,0.0,0.0,0.0,0.0,0.0,-2
0.0,0.0,0.0,166.84513662114182,0.0,0.0,0.0,0.0,0.0,0.0,0.0,0.0,0.0,1.0,1
0.0,0.0,0.0,-152.68730865604493,0.0,0.0,0.0,0.0,0.0,0.0,0.0,0.0,0.0,0.0,0
0.0,0.0,0.0,89.01522117404738,0.0,0.0,0.0,0.0,0.0,0.0,0.0,0.0,0.0,2.0,1
0.0,0.0,0.0,-70.22448439733148,0.0,0.0,0.0,0.0,0.0,0.0,0.0,0.0,0.0,0.0,-1
0.0,0.0,0.0,36.56086654523392,0.0,0.0,0.0,0.0,0.0,0.0,0.0,0.0,0.0,0.0,2
0.0,0.0,0.0,-91.49836353029355,0.0,0.0,0.0,0.0,0.0,0.0,0.0,0.0,0.0,0.0,-1
0.0,0.0,0.0,19.025884263893886,0.0,0.0,0.0,0.0,0.0,0.0,0.0,0.0,0.0,0.0,2
0.0,0.0,1.0,90.96503618995052,40.0,91.0,62.0,46.0,26.0,68.0,6.725,0.0,0.0,2.0,-3
0.0,0.0,0.0,220.44132875552054,0.0,0.0,0.0,0.0,0.0,0.0,0.0,0.0,0.0,3.0,2
0.0,0.0,0.0,43.41371003626,0.0,0.0,0.0,0.0,0.0,0.0,0.0,0.0,0.0,0.0,1
0.0,0.0,0.0,238.774802781963,0.0,0.0,0.0,0.0,0.0,0.0,0.0,0.0,0.0,1.0,0
0.0,0.0,0.0,172.78439203345124,0.0,0.0,0.0,0.0,0.0,0.0,0.0,0.0,0.0,5.0,1
0.0,0.0,0.0,63.22008608179999,0.0,0.0,0.0,0.0,0.0,0.0,0.0,0.0,0.0,0.0,4
0.0,0.0,0.0,32.42438157977608,0.0,0.0,0.0,0.0,0.0,0.0,0.0,0.0,0.0,0.0,0
0.0,0.0,0.0,192.74241941947025,0.0,0.0,0.0,0.0,0.0,0.0,0.0,1.0,1.0,4.0,1
0.0,0.0,0.0,76.22599619204084,0.0,0.0,0.0,0.0,0.0,0.0,0.0,0.0,0.0,0.0,3
0.0,0.0,0.0,205.457173318689,0.0,0.0,0.0,0.0,0.0,0.0,0.0,0.0,0.0,1.0,2
0.0,0.0,0.0,114.07527195849775,0.0,0.0,0.0,0.0,0.0,0.0,0.0,0.0,0.0,0.0,1
0.0,0.0,0.0,58.53676621950558,0.0,0.0,0.0,0.0,0.0,0.0,0.0,0.0,0.0,2.0,6
0.0,0.0,0.0,100.70293935187328,0.0,0.0,0.0,0.0,0.0,0.0,0.0,0.0,0.0,0.0,1
0.0,0.0,0.0,5.6767294258127095,0.0,0.0,0.0,0.0,0.0,0.0,0.0,0.0,0.0,0.0,0
0.0,0.0,0.0,122.38250064971476,0.0,0.0,0.0,0.0,0.0,0.0,0.0,0.0,0.0,0.0,2
0.0,0.0,0.0,1.4276179606933965,0.0,0.0,0.0,0.0,0.0,0.0,0.0,0.0,0.0,0.0,-2
0.0,0.0,-1.0,128.04867460487662,-40.0,-91.0,-62.0,-46.0,-26.0,-68.0,-6.725,0.0,0.0,1.0,0
0.0,0.0,0.0,-206.17703266979174,0.0,0.0,0.0,0.0,0.0,0.0,0.0,0.0,0.0,0.0,0
0.0,0.0,0.0,359.9355404393491,0.0,0.0,0.0,0.0,0.0,0.0,0.0,0.0,0.0,5.0,2
0.0,0.0,0.0,293.7610791235411,0.0,0.0,0.0,0.0,0.0,0.0,0.0,0.0,0.0,1.0,0
0.0,0.0,0.0,-98.3999863778381,0.0,0.0,0.0,0.0,0.0,0.0,0.0,0.0,0.0,0.0,-2
0.0,0.0,0.0,-162.95323375723115,0.0,0.0,0.0,0.0,0.0,0.0,0.0,0.0,0.0,0.0,-4
0.0,0.0,0.0,193.74893825925506,0.0,0.0,0.0,0.0,0.0,0.0,0.0,0.0,0.0,0.0,2
0.0,0.0,0.0,-90.64060287643042,0.0,0.0,0.0,0.0,0.0,0.0,0.0,0.0,0.0,0.0,-1
0.0,0.0,0.0,-207.15702610385983,0.0,0.0,0.0,0.0,0.0,0.0,0.0,-1.0,-1.0,-4.0,-3
0.0,0.0,0.0,38.61203669754718,0.0,0.0,0.0,0.0,0.0,0.0,0.0,0.0,0.0,0.0,2
0.0,0.0,0.0,-52.76986466264407,0.0,0.0,0.0,0.0,0.0,0.0,0.0,0.0,0.0,-1.0,0
0.0,0.0,0.0,-30.88413711942121,0.0,0.0,0.0,0.0,0.0,0.0,0.0,0.0,0.0,0.0,0
0.0,0.0,0.0,85.82163410448084,0.0,0.0,0.0,0.0,0.0,0.0,0.0,0.0,0.0,0.0,1
0.0,0.0,0.0,-30.478454954541803,0.0,0.0,0.0,0.0,0.0,0.0,0.0,0.0,0.0,0.0,1
0.0,0.0,0.0,11.6877181778259,0.0,0.0,0.0,0.0,0.0,0.0,0.0,0.0,0.0,-2.0,0
0.0,0.0,0.0,-219.01371079482715,0.0,0.0,0.0,0.0,0.0,0.0,0.0,0.0,0.0,-3.0,-2
0.0,0.0,-1.0,-92.39265415064392,-40.0,-91.0,-62.0,-46.0,-26.0,-68.0,-6.725,0.0,0.0,-2.0,1
0.0,0.0,0.0,187.15114840589786,0.0,0.0,0.0,0.0,0.0,0.0,0.0,0.0,0.0,0.0,0
0.0,0.0,0.0,-378.961424703243,0.0,0.0,0.0,0.0,0.0,0.0,0.0,0.0,0.0,-5.0,-3
0.0,0.0,0.0,-226.17331983903114,0.0,0.0,0.0,0.0,0.0,0.0,0.0,0.0,0.0,0.0,-1
0.0,0.0,0.0,130.52885217745506,0.0,0.0,0.0,0.0,0.0,0.0,0.0,0.0,0.0,0.0,1
0.0,0.0,0.0,54.986276341578105,0.0,0.0,0.0,0.0,0.0,0.0,0.0,0.0,0.0,0.0,2
0.0,0.0,0.0,-337.1747891598011,0.0,0.0,0.0,0.0,0.0,0.0,0.0,0.0,0.0,-1.0,-2
0.0,0.0,0.0,121.65474026127731,0.0,0.0,0.0,0.0,0.0,0.0,0.0,1.0,1.0,4.0,2
0.0,0.0,0.0,93.66547514350259,0.0,0.0,0.0,0.0,0.0,0.0,0.0,0.0,0.0,2.0,1
0.0,0.0,0.0,138.2721505052266,0.0,0.0,0.0,0.0,0.0,0.0,0.0,0.0,0.0,1.0,1
0.0,0.0,0.0,-19.531559216847654,0.0,0.0,0.0,0.0,0.0,0.0,0.0,0.0,0.0,0.0,1
0.0,0.0,0.0,331.11185526733334,0.0,0.0,0.0,0.0,0.0,0.0,0.0,0.0,0.0,3.0,1
0.0,0.0,0.0,-18.85879178401433,0.0,0.0,0.0,0.0,0.0,0.0,0.0,0.0,0.0,0.0,0
0.0,0.0,0.0,249.2650139275363,0.0,0.0,0.0,0.0,0.0,0.0,0.0,0.0,0.0,5.0,3
0.0,0.0,0.0,-156.69592491614867,0.0,0.0,0.0,0.0,0.0,0.0,0.0,0.0,0.0,-1.0,-2
0.0,0.0,0.0,161.14951116700308,0.0,0.0,0.0,0.0,0.0,0.0,0.0,1.0,1.0,2.0,0
0.0,0.0,0.0,189.0754015500188,0.0,0.0,0.0,0.0,0.0,0.0,0.0,0.0,0.0,3.0,3
0.0,0.0,0.0,100.1084766073916,0.0,0.0,0.0,0.0,0.0,0.0,0.0,0.0,0.0,1.0,0
0.0,0.0,0.0,-2.016924275914107,0.0,0.0,0.0,0.0,0.0,0.0,0.0,0.0,0.0,4.0,-1
0.0,0.0,0.0,29.73006384460723,0.0,0.0,0.0,0.0,0.0,0.0,0.0,1.0,1.0,1.0,-2
0.0,0.0,0.0,-170.10389780934747,0.0,0.0,0.0,0.0,0.0,0.0,0.0,0.0,0.0,-1.0,-1
0.0,0.0,0.0,168.99335220602484,0.0,0.0,0.0,0.0,0.0,0.0,0.0,1.0,1.0,4.0,2
0.0,0.0,0.0,-30.840609447929864,0.0,0.0,0.0,0.0,0.0,0.0,0.0,0.0,0.0,2.0,0
0.0,0.0,0.0,295.3175397282728,0.0,0.0,0.0,0.0,0.0,0.0,0.0,0.0,0.0,2.0,11
0.0,0.0,1.0,212.09789149329254,40.0,91.0,62.0,46.0,26.0,68.0,6.725,0.0,0.0,2.0,0
0.0,0.0,0.0,-219.67921506441166,0.0,0.0,0.0,0.0,0.0,0.0,0.0,0.0,0.0,-1.0,0
0.0,0.0,0.0,-233.4459349843537,0.0,0.0,0.0,0.0,0.0,0.0,0.0,0.0,0.0,0.0,0
0.0,0.0,0.0,-12.153019593709814,0.0,0.0,0.0,0.0,0.0,0.0,0.0,0.0,0.0,0.0,-3
0.0,0.0,0.0,-414.27096670694436,0.0,0.0,0.0,0.0,0.0,0.0,0.0,0.0,0.0,-5.0,-5
0.0,0.0,0.0,145.09372663304407,0.0,0.0,0.0,0.0,0.0,0.0,0.0,0.0,0.0,1.0,1
0.0,0.0,0.0,36.736496579196,0.0,0.0,0.0,0.0,0.0,0.0,0.0,1.0,0.0,0.0,1
0.0,0.0,0.0,83.0105959636985,0.0,0.0,0.0,0.0,0.0,0.0,0.0,0.0,0.0,2.0,-1
0.0,0.0,-1.0,-66.50880427630796,-40.0,-91.0,-62.0,-46.0,-26.0,-68.0,-6.725,0.0,0.0,-2.0,-2
0.0,0.0,0.0,-158.64892062755962,0.0,0.0,0.0,0.0,0.0,0.0,0.0,0.0,0.0,-3.0,0
0.0,0.0,0.0,87.85684776736912,0.0,0.0,0.0,0.0,0.0,0.0,0.0,0.0,0.0,0.0,2
0.0,0.0,0.0,62.183662488279424,0.0,0.0,0.0,0.0,0.0,0.0,0.0,0.0,0.0,0.0,4
0.0,0.0,0.0,125.36525821659325,0.0,0.0,0.0,0.0,0.0,0.0,0.0,0.0,0.0,0.0,2
0.0,0.0,0.0,-195.12436952761368,0.0,0.0,0.0,0.0,0.0,0.0,0.0,0.0,0.0,-1.0,0
0.0,0.0,0.0,252.16921191115512,0.0,0.0,0.0,0.0,0.0,0.0,0.0,-1.0,0.0,5.0,4
0.0,0.0,0.0,136.66861910071316,0.0,0.0,0.0,0.0,0.0,0.0,0.0,0.0,0.0,-1.0,5
0.0,0.0,0.0,378.3281356919713,0.0,0.0,0.0,0.0,0.0,0.0,0.0,0.0,0.0,4.0,2
0.0,0.0,-1.0,-299.95473926066165,-40.0,-91.0,-62.0,-46.0,-26.0,-68.0,-6.725,0.0,0.0,-2.0,-1
0.0,0.0,0.0,-145.58908721698458,0.0,0.0,0.0,0.0,0.0,0.0,0.0,0.0,0.0,0.0,-1
0.0,0.0,0.0,-50.03064289456961,0.0,0.0,0.0,0.0,0.0,0.0,0.0,0.0,0.0,0.0,0
0.0,0.0,0.0,207.2773891213235,0.0,0.0,0.0,0.0,0.0,0.0,0.0,0.0,0.0,1.0,5
0.0,0.0,0.0,288.9057084903511,0.0,0.0,0.0,0.0,0.0,0.0,0.0,0.0,0.0,5.0,1
0.0,0.0,0.0,162.10175479578925,0.0,0.0,0.0,0.0,0.0,0.0,0.0,1.0,0.0,0.0,2
0.0,0.0,0.0,347.9169907069397,0.0,0.0,0.0,0.0,0.0,0.0,0.0,0.0,0.0,4.0,3
0.0,0.0,1.0,22.82982141391244,40.0,91.0,62.0,46.0,26.0,68.0,6.725,0.0,0.0,1.0,3
0.0,0.0,0.0,98.9255063644257,0.0,0.0,0.0,0.0,0.0,0.0,0.0,-1.0,0.0,1.0,1
0.0,0.0,0.0,348.3680750743431,0.0,0.0,0.0,0.0,0.0,0.0,0.0,0.0,0.0,5.0,1
0.0,0.0,0.0,178.22606612731693,0.0,0.0,0.0,0.0,0.0,0.0,0.0,0.0,0.0,3.0,3
0.0,0.0,1.0,-110.83673863305967,40.0,91.0,62.0,46.0,26.0,68.0,6.725,0.0,0.0,-3.0,-4
0.0,0.0,-1.0,-42.40696691366975,-40.0,-91.0,-62.0,-46.0,-26.0,-68.0,-6.725,0.0,0.0,-1.0,-3
0.0,0.0,0.0,24.98236058058751,0.0,0.0,0.0,0.0,0.0,0.0,0.0,0.0,0.0,-1.0,2
0.0,0.0,0.0,-8.707638060493082,0.0,0.0,0.0,0.0,0.0,0.0,0.0,1.0,0.0,0.0,0
0.0,0.0,0.0,-114.92408033885931,0.0,0.0,0.0,0.0,0.0,0.0,0.0,0.0,0.0,1.0,0
0.0,0.0,0.0,48.79731631984055,0.0,0.0,0.0,0.0,0.0,0.0,0.0,0.0,0.0,0.0,2
0.0,0.0,0.0,222.73448398440337,0.0,0.0,0.0,0.0,0.0,0.0,0.0,0.0,0.0,2.0,1
0.0,0.0,-1.0,9.12581927599308,-40.0,-91.0,-62.0,-46.0,-26.0,-68.0,-6.725,0.0,0.0,-1.0,0
0.0,0.0,0.0,-4.069980267389155,0.0,0.0,0.0,0.0,0.0,0.0,0.0,0.0,0.0,0.0,-1
0.0,0.0,0.0,-1.7364284595407753,0.0,0.0,0.0,0.0,0.0,0.0,0.0,0.0,0.0,0.0,-1
0.0,0.0,0.0,304.85517437073827,0.0,0.0,0.0,0.0,0.0,0.0,0.0,0.0,1.0,5.0,4
0.0,0.0,0.0,204.5355443736239,0.0,0.0,0.0,0.0,0.0,0.0,0.0,0.0,0.0,0.0,2
0.0,0.0,0.0,103.17008624226992,0.0,0.0,0.0,0.0,0.0,0.0,0.0,0.0,0.0,0.0,1
0.0,0.0,0.0,127.97515313751842,0.0,0.0,0.0,0.0,0.0,0.0,0.0,0.0,0.0,4.0,0
0.0,0.0,0.0,-75.3315622812529,0.0,0.0,0.0,0.0,0.0,0.0,0.0,0.0,0.0,0.0,0
0.0,0.0,0.0,-54.81689672396169,0.0,0.0,0.0,0.0,0.0,0.0,0.0,0.0,0.0,0.0,0
0.0,0.0,0.0,349.4785311064609,0.0,0.0,0.0,0.0,0.0,0.0,0.0,0.0,0.0,5.0,1
0.0,0.0,0.0,-40.93532082552497,0.0,0.0,0.0,0.0,0.0,0.0,0.0,0.0,0.0,0.0,-1
0.0,0.0,0.0,227.26792074809964,0.0,0.0,0.0,0.0,0.0,0.0,0.0,0.0,0.0,0.0,-1
0.0,0.0,0.0,-28.64875502579639,0.0,0.0,0.0,0.0,0.0,0.0,0.0,1.0,0.0,-2.0,-3
0.0,0.0,0.0,124.87753687558802,0.0,0.0,0.0,0.0,0.0,0.0,0.0,0.0,0.0,2.0,3
0.0,0.0,0.0,49.0596307889748,0.0,0.0,0.0,0.0,0.0,0.0,0.0,0.0,0.0,0.0,1
0.0,0.0,0.0,134.86519730416262,0.0,0.0,0.0,0.0,0.0,0.0,0.0,0.0,0.0,1.0,-2
0.0,0.0,0.0,268.9896123172034,0.0,0.0,0.0,0.0,0.0,0.0,0.0,0.0,1.0,5.0,-1
0.0,0.0,-1.0,-172.74490777433834,-40.0,-91.0,-62.0,-46.0,-26.0,-68.0,-6.725,0.0,0.0,-2.0,0
0.0,0.0,0.0,185.94070731772058,0.0,0.0,0.0,0.0,0.0,0.0,0.0,0.0,0.0,1.0,0
0.0,0.0,0.0,176.04441453503478,0.0,0.0,0.0,0.0,0.0,0.0,0.0,0.0,0.0,0.0,1
0.0,0.0,0.0,37.601990513075634,0.0,0.0,0.0,0.0,0.0,0.0,0.0,0.0,0.0,0.0,0
0.0,0.0,0.0,-74.67895640368079,0.0,0.0,0.0,0.0,0.0,0.0,0.0,0.0,0.0,0.0,-1
0.0,0.0,0.0,-12.553852998508773,0.0,0.0,0.0,0.0,0.0,0.0,0.0,0.0,0.0,0.0,-2
0.0,0.0,0.0,215.8605684172801,0.0,0.0,0.0,0.0,0.0,0.0,0.0,0.0,0.0,4.0,0
0.0,0.0,0.0,232.81703404329187,0.0,0.0,0.0,0.0,0.0,0.0,0.0,0.0,0.0,5.0,2
0.0,0.0,0.0,171.4783937871307,0.0,0.0,0.0,0.0,0.0,0.0,0.0,0.0,0.0,0.0,7
0.0,0.0,0.0,-41.36453025448691,0.0,0.0,0.0,0.0,0.0,0.0,0.0,0.0,0.0,0.0,1
0.0,0.0,0.0,309.5677718281115,0.0,0.0,0.0,0.0,0.0,0.0,0.0,0.0,0.0,0.0,2
0.0,0.0,0.0,143.5728353646557,0.0,0.0,0.0,0.0,0.0,0.0,0.0,-1.0,0.0,1.0,-1
0.0,0.0,0.0,-19.94111696530331,0.0,0.0,0.0,0.0,0.0,0.0,0.0,0.0,0.0,-2.0,-1
0.0,0.0,0.0,-173.67485319542857,0.0,0.0,0.0,0.0,0.0,0.0,0.0,0.0,0.0,-2.0,-2
0.0,0.0,0.0,-97.85694710881535,0.0,0.0,0.0,0.0,0.0,0.0,0.0,0.0,0.0,0.0,0
0.0,0.0,0.0,-181.87072705033142,0.0,0.0,0.0,0.0,0.0,0.0,0.0,0.0,0.0,-1.0,-1
0.0,0.0,1.0,176.8148880417275,40.0,91.0,62.0,46.0,26.0,68.0,6.725,0.0,0.0,2.0,1
0.0,0.0,0.0,-35.86556205353486,0.0,0.0,0.0,0.0,0.0,0.0,0.0,0.0,0.0,0.0,1
0.0,0.0,0.0,-267.25318385766263,0.0,0.0,0.0,0.0,0.0,0.0,0.0,0.0,-1.0,-5.0,-1
0.0,0.0,0.0,87.88541527976167,0.0,0.0,0.0,0.0,0.0,0.0,0.0,0.0,0.0,0.0,0
0.0,0.0,0.0,-140.5290061360272,0.0,0.0,0.0,0.0,0.0,0.0,0.0,0.0,0.0,-4.0,1
0.0,0.0,0.0,-279.2145007773047,0.0,0.0,0.0,0.0,0.0,0.0,0.0,0.0,0.0,0.0,-1
0.0,0.0,0.0,-28.49112983858913,0.0,0.0,0.0,0.0,0.0,0.0,0.0,0.0,0.0,0.0,-2
0.0,0.0,0.0,-116.66149706316901,0.0,0.0,0.0,0.0,0.0,0.0,0.0,0.0,0.0,0.0,-3
0.0,0.0,0.0,-178.00013731933018,0.0,0.0,0.0,0.0,0.0,0.0,0.0,0.0,0.0,-5.0,0
0.0,0.0,0.0,-268.63245100258655,0.0,0.0,0.0,0.0,0.0,0.0,0.0,0.0,0.0,0.0,-1
0.0,0.0,0.0,82.29985108001188,0.0,0.0,0.0,0.0,0.0,0.0,0.0,0.0,0.0,0.0,0
0.0,0.0,0.0,73.31197395832146,0.0,0.0,0.0,0.0,0.0,0.0,0.0,0.0,0.0,2.0,1
0.0,0.0,1.0,116.3856599748051,40.0,91.0,62.0,46.0,26.0,68.0,6.725,0.0,0.0,2.0,-1
0.0,0.0,0.0,141.74170460686446,0.0,0.0,0.0,0.0,0.0,0.0,0.0,0.0,1.0,4.0,3
0.0,0.0,0.0,71.50667988256987,0.0,0.0,0.0,0.0,0.0,0.0,0.0,0.0,0.0,2.0,2
0.0,0.0,0.0,185.23790289868043,0.0,0.0,0.0,0.0,0.0,0.0,0.0,0.0,0.0,0.0,1
0.0,0.0,0.0,288.74337155536523,0.0,0.0,0.0,0.0,0.0,0.0,0.0,0.0,0.0,5.0,3
0.0,0.0,0.0,3.3603646348631173,0.0,0.0,0.0,0.0,0.0,0.0,0.0,0.0,0.0,0.0,0
0.0,0.0,0.0,157.8892167665515,0.0,0.0,0.0,0.0,0.0,0.0,0.0,0.0,0.0,0.0,1
0.0,0.0,0.0,-80.1706058258817,0.0,0.0,0.0,0.0,0.0,0.0,0.0,0.0,0.0,-5.0,1
0.0,0.0,0.0,4.78181409530157,0.0,0.0,0.0,0.0,0.0,0.0,0.0,0.0,0.0,2.0,0
0.0,0.0,0.0,-210.9058068450945,0.0,0.0,0.0,0.0,0.0,0.0,0.0,0.0,-1.0,-3.0,-4
0.0,0.0,0.0,-232.74373517327467,0.0,0.0,0.0,0.0,0.0,0.0,0.0,0.0,0.0,0.0,-1
0.0,0.0,0.0,-162.97313947803605,0.0,0.0,0.0,0.0,0.0,0.0,0.0,0.0,0.0,2.0,-1
0.0,0.0,0.0,39.438545011222004,0.0,0.0,0.0,0.0,0.0,0.0,0.0,0.0,1.0,5.0,-1
0.0,0.0,0.0,-262.47136976236106,0.0,0.0,0.0,0.0,0.0,0.0,0.0,0.0,-1.0,-3.0,-1
0.0,0.0,0.0,-60.059685273103014,0.0,0.0,0.0,0.0,0.0,0.0,0.0,0.0,0.0,0.0,-1
0.0,0.0,0.0,-220.3808018681948,0.0,0.0,0.0,0.0,0.0,0.0,0.0,0.0,0.0,-1.0,-1
0.0,0.0,0.0,351.8608294317951,0.0,0.0,0.0,0.0,0.0,0.0,0.0,1.0,0.0,5.0,1
0.0,0.0,0.0,224.11292631134575,0.0,0.0,0.0,0.0,0.0,0.0,0.0,0.0,0.0,0.0,1
0.0,0.0,0.0,-175.95890836007993,0.0,0.0,0.0,0.0,0.0,0.0,0.0,0.0,0.0,-1.0,0
0.0,0.0,0.0,-231.50372618769552,0.0,0.0,0.0,0.0,0.0,0.0,0.0,0.0,0.0,0.0,-1
0.0,0.0,1.0,306.7410767916922,40.0,91.0,62.0,46.0,26.0,68.0,6.725,0.0,0.0,2.0,2
0.0,0.0,0.0,142.5202320713911,0.0,0.0,0.0,0.0,0.0,0.0,0.0,0.0,0.0,1.0,1
0.0,0.0,0.0,259.34577434829,0.0,0.0,0.0,0.0,0.0,0.0,0.0,0.0,0.0,5.0,1
0.0,0.0,0.0,-185.84735705985258,0.0,0.0,0.0,0.0,0.0,0.0,0.0,0.0,0.0,-1.0,-4
0.0,0.0,0.0,386.3942742401373,0.0,0.0,0.0,0.0,0.0,0.0,0.0,1.0,0.0,5.0,1
0.0,0.0,0.0,127.67696718110597,0.0,0.0,0.0,0.0,0.0,0.0,0.0,0.0,0.0,0.0,4
0.0,0.0,0.0,-272.3948674903197,0.0,0.0,0.0,0.0,0.0,0.0,0.0,0.0,0.0,-1.0,-1
0.0,0.0,0.0,-295.3425276421933,0.0,0.0,0.0,0.0,0.0,0.0,0.0,0.0,0.0,0.0,-1
0.0,0.0,1.0,242.9022753371944,40.0,91.0,62.0,46.0,26.0,68.0,6.725,0.0,0.0,2.0,3
0.0,0.0,0.0,57.97209715210397,0.0,0.0,0.0,0.0,0.0,0.0,0.0,0.0,0.0,0.0,1
0.0,0.0,0.0,174.79763942900286,0.0,0.0,0.0,0.0,0.0,0.0,0.0,0.0,0.0,4.0,3
0.0,0.0,0.0,48.281941178973966,0.0,0.0,0.0,0.0,0.0,0.0,0.0,0.0,0.0,1.0,2
0.0,0.0,0.0,-96.43595913023978,0.0,0.0,0.0,0.0,0.0,0.0,0.0,0.0,0.0,0.0,0
0.0,0.0,0.0,34.53344480834221,0.0,0.0,0.0,0.0,0.0,0.0,0.0,0.0,0.0,0.0,-1
0.0,0.0,0.0,-166.0134723719425,0.0,0.0,0.0,0.0,0.0,0.0,0.0,-1.0,0.0,-4.0,-2
0.0,0.0,0.0,-84.54813491928712,0.0,0.0,0.0,0.0,0.0,0.0,0.0,0.0,0.0,-1.0,1
0.0,0.0,0.0,-317.31787150039395,0.0,0.0,0.0,0.0,0.0,0.0,0.0,0.0,0.0,-5.0,-3
0.0,0.0,0.0,-63.8388014544978,0.0,0.0,0.0,0.0,0.0,0.0,0.0,0.0,0.0,0.0,0
0.0,0.0,-1.0,-11.398549149498876,-40.0,-91.0,-62.0,-46.0,-26.0,-68.0,-6.725,0.0,0.0,-2.0,1
0.0,0.0,0.0,60.87903485025754,0.0,0.0,0.0,0.0,0.0,0.0,0.0,0.0,0.0,0.0,0
0.0,0.0,0.0,153.41637870065892,0.0,0.0,0.0,0.0,0.0,0.0,0.0,1.0,0.0,5.0,-1
0.0,0.0,0.0,160.6591281801327,0.0,0.0,0.0,0.0,0.0,0.0,0.0,0.0,0.0,0.0,2
0.0,0.0,-1.0,87.28809701865839,-40.0,-91.0,-62.0,-46.0,-26.0,-68.0,-6.725,0.0,0.0,3.0,0
0.0,0.0,-1.0,-90.46225045109395,-40.0,-91.0,-62.0,-46.0,-26.0,-68.0,-6.725,0.0,0.0,-1.0,-2
0.0,0.0,0.0,-66.4666076303115,0.0,0.0,0.0,0.0,0.0,0.0,0.0,0.0,0.0,0.0,2
0.0,0.0,0.0,79.06370130159507,0.0,0.0,0.0,0.0,0.0,0.0,0.0,0.0,0.0,-1.0,1
0.0,0.0,-1.0,-77.86515677981038,-40.0,-91.0,-62.0,-46.0,-26.0,-68.0,-6.725,0.0,0.0,-2.0,0
0.0,0.0,0.0,136.6424087055193,0.0,0.0,0.0,0.0,0.0,0.0,0.0,1.0,0.0,5.0,2
0.0,0.0,0.0,201.7746521011229,0.0,0.0,0.0,0.0,0.0,0.0,0.0,0.0,0.0,0.0,1
0.0,0.0,0.0,-92.74525078342322,0.0,0.0,0.0,0.0,0.0,0.0,0.0,0.0,0.0,1.0,-4
0.0,0.0,0.0,113.71261224368914,0.0,0.0,0.0,0.0,0.0,0.0,0.0,0.0,0.0,0.0,2
0.0,0.0,0.0,100.62066414527612,0.0,0.0,0.0,0.0,0.0,0.0,0.0,0.0,0.0,0.0,3
0.0,0.0,0.0,-25.404726106490216,0.0,0.0,0.0,0.0,0.0,0.0,0.0,0.0,0.0,2.0,-2
0.0,0.0,0.0,10.148903699569928,0.0,0.0,0.0,0.0,0.0,0.0,0.0,0.0,0.0,-3.0,-1
0.0,0.0,0.0,-21.777129510998066,0.0,0.0,0.0,0.0,0.0,0.0,0.0,0.0,-1.0,-1.0,1
0.0,0.0,0.0,-30.502980576543905,0.0,0.0,0.0,0.0,0.0,0.0,0.0,0.0,0.0,0.0,1
0.0,0.0,0.0,259.7641743592503,0.0,0.0,0.0,0.0,0.0,0.0,0.0,0.0,0.0,1.0,3
0.0,0.0,0.0,179.52847075444538,0.0,0.0,0.0,0.0,0.0,0.0,0.0,0.0,0.0,2.0,1
0.0,0.0,0.0,251.10641487450016,0.0,0.0,0.0,0.0,0.0,0.0,0.0,0.0,0.0,5.0,4
0.0,0.0,0.0,23.688963013672492,0.0,0.0,0.0,0.0,0.0,0.0,0.0,0.0,0.0,0.0,0
0.0,0.0,-1.0,-131.8774643178465,-40.0,-91.0,-62.0,-46.0,-26.0,-68.0,-6.725,0.0,0.0,-2.0,-1
0.0,0.0,0.0,110.6622566686408,0.0,0.0,0.0,0.0,0.0,0.0,0.0,0.0,0.0,0.0,1
0.0,0.0,0.0,128.89901009703135,0.0,0.0,0.0,0.0,0.0,0.0,0.0,1.0,0.0,5.0,0
0.0,0.0,0.0,108.32675703571613,0.0,0.0,0.0,0.0,0.0,0.0,0.0,0.0,0.0,0.0,0
0.0,0.0,0.0,-315.79567994649733,0.0,0.0,0.0,0.0,0.0,0.0,0.0,0.0,0.0,0.0,-1
0.0,0.0,0.0,109.33781691938498,0.0,0.0,0.0,0.0,0.0,0.0,0.0,0.0,0.0,1.0,-2
0.0,0.0,0.0,-194.03125349263496,0.0,0.0,0.0,0.0,0.0,0.0,0.0,0.0,0.0,0.0,-4
0.0,0.0,0.0,54.247100393827395,0.0,0.0,0.0,0.0,0.0,0.0,0.0,0.0,0.0,0.0,1
0.0,0.0,0.0,-57.70221036311273,0.0,0.0,0.0,0.0,0.0,0.0,0.0,0.0,0.0,1.0,1
0.0,0.0,0.0,68.1506932624468,0.0,0.0,0.0,0.0,0.0,0.0,0.0,0.0,1.0,1.0,0
0.0,0.0,0.0,22.148580557052583,0.0,0.0,0.0,0.0,0.0,0.0,0.0,0.0,0.0,4.0,-1
0.0,0.0,0.0,-102.93942133576616,0.0,0.0,0.0,0.0,0.0,0.0,0.0,0.0,0.0,-1.0,-3
0.0,0.0,0.0,-187.32773360002807,0.0,0.0,0.0,0.0,0.0,0.0,0.0,0.0,0.0,0.0,-1
0.0,0.0,0.0,245.75993155382753,0.0,0.0,0.0,0.0,0.0,0.0,0.0,0.0,0.0,2.0,1
0.0,0.0,0.0,360.2933271278778,0.0,0.0,0.0,0.0,0.0,0.0,0.0,0.0,0.0,5.0,0
0.0,0.0,0.0,-89.92042381305464,0.0,0.0,0.0,0.0,0.0,0.0,0.0,0.0,0.0,0.0,1
0.0,0.0,0.0,74.80381183214445,0.0,0.0,0.0,0.0,0.0,0.0,0.0,0.0,0.0,0.0,1
0.0,0.0,0.0,-72.46831219921978,0.0,0.0,0.0,0.0,0.0,0.0,0.0,0.0,0.0,0.0,-2
0.0,0.0,1.0,22.690552064468875,40.0,91.0,62.0,46.0,26.0,68.0,6.725,0.0,0.0,2.0,0
0.0,0.0,0.0,-223.0504291630741,0.0,0.0,0.0,0.0,0.0,0.0,0.0,0.0,0.0,-1.0,-3
0.0,0.0,0.0,202.0830677028082,0.0,0.0,0.0,0.0,0.0,0.0,0.0,0.0,0.0,0.0,2
0.0,0.0,0.0,-330.67366219815426,0.0,0.0,0.0,0.0,0.0,0.0,0.0,-1.0,0.0,-5.0,-3
0.0,0.0,0.0,-7.743398608487951,0.0,0.0,0.0,0.0,0.0,0.0,0.0,0.0,0.0,0.0,-2
0.0,0.0,0.0,-32.29748425662251,0.0,0.0,0.0,0.0,0.0,0.0,0.0,0.0,0.0,-1.0,0
0.0,0.0,0.0,47.5533066635428,0.0,0.0,0.0,0.0,0.0,0.0,0.0,0.0,0.0,2.0,-1
0.0,0.0,0.0,-32.46997088282933,0.0,0.0,0.0,0.0,0.0,0.0,0.0,0.0,1.0,1.0,-3
0.0,0.0,0.0,-46.37356375144873,0.0,0.0,0.0,0.0,0.0,0.0,0.0,0.0,0.0,0.0,1
0.0,0.0,0.0,66.23146079938215,0.0,0.0,0.0,0.0,0.0,0.0,0.0,0.0,0.0,0.0,2
0.0,0.0,0.0,-269.4488945675,0.0,0.0,0.0,0.0,0.0,0.0,0.0,0.0,0.0,-2.0,-1
0.0,0.0,0.0,-156.82475302348416,0.0,0.0,0.0,0.0,0.0,0.0,0.0,0.0,0.0,0.0,-3
0.0,0.0,0.0,-72.43644075922225,0.0,0.0,0.0,0.0,0.0,0.0,0.0,0.0,0.0,-1.0,0
0.0,0.0,0.0,109.18691225337761,0.0,0.0,0.0,0.0,0.0,0.0,0.0,0.0,0.0,0.0,1
0.0,0.0,1.0,-228.41586281003129,40.0,91.0,62.0,46.0,26.0,68.0,6.725,0.0,0.0,-3.0,-1
0.0,0.0,0.0,-35.858444836496346,0.0,0.0,0.0,0.0,0.0,0.0,0.0,0.0,0.0,0.0,0
0.0,0.0,0.0,-183.13056886786057,0.0,0.0,0.0,0.0,0.0,0.0,0.0,0.0,0.0,0.0,-1
0.0,0.0,0.0,123.14585568944472,0.0,0.0,0.0,0.0,0.0,0.0,0.0,1.0,0.0,5.0,0
0.0,0.0,0.0,16.225557557163256,0.0,0.0,0.0,0.0,0.0,0.0,0.0,0.0,0.0,-2.0,2
0.0,0.0,0.0,207.83622211039483,0.0,0.0,0.0,0.0,0.0,0.0,0.0,0.0,0.0,0.0,1
0.0,0.0,0.0,109.79983269460308,0.0,0.0,0.0,0.0,0.0,0.0,0.0,0.0,0.0,0.0,0
0.0,0.0,0.0,231.4505437726982,0.0,0.0,0.0,0.0,0.0,0.0,0.0,0.0,0.0,1.0,2
0.0,0.0,0.0,395.50685997064875,0.0,0.0,0.0,0.0,0.0,0.0,0.0,0.0,0.0,5.0,1
0.0,0.0,0.0,140.93777213056796,0.0,0.0,0.0,0.0,0.0,0.0,0.0,0.0,0.0,2.0,1
0.0,0.0,-1.0,-56.42874049197667,-40.0,-91.0,-62.0,-46.0,-26.0,-68.0,-6.725,0.0,0.0,-2.0,1
0.0,0.0,0.0,-236.25605451348497,0.0,0.0,0.0,0.0,0.0,0.0,0.0,0.0,0.0,-4.0,-1
0.0,0.0,0.0,135.48476033911288,0.0,0.0,0.0,0.0,0.0,0.0,0.0,1.0,0.0,5.0,1
0.0,0.0,0.0,86.5868995833248,0.0,0.0,0.0,0.0,0.0,0.0,0.0,0.0,0.0,2.0,1
0.0,0.0,0.0,205.2428038031494,0.0,0.0,0.0,0.0,0.0,0.0,0.0,0.0,0.0,0.0,0
0.0,0.0,0.0,-173.48449334083762,0.0,0.0,0.0,0.0,0.0,0.0,0.0,1.0,0.0,0.0,-6
0.0,0.0,0.0,103.71042239120902,0.0,0.0,0.0,0.0,0.0,0.0,0.0,0.0,0.0,-2.0,0
0.0,0.0,0.0,-78.93721201336348,0.0,0.0,0.0,0.0,0.0,0.0,0.0,1.0,0.0,5.0,-3
0.0,0.0,0.0,198.25770371868316,0.0,0.0,0.0,0.0,0.0,0.0,0.0,0.0,0.0,3.0,1
0.0,0.0,0.0,-46.822336379000035,0.0,0.0,0.0,0.0,0.0,0.0,0.0,1.0,0.0,0.0,1
0.0,0.0,0.0,-265.74387706102266,0.0,0.0,0.0,0.0,0.0,0.0,0.0,0.0,0.0,0.0,-1
0.0,0.0,0.0,101.33761466768601,0.0,0.0,0.0,0.0,0.0,0.0,0.0,0.0,0.0,1.0,4
0.0,0.0,0.0,327.0234153953056,0.0,0.0,0.0,0.0,0.0,0.0,0.0,0.0,1.0,6.0,10
0.0,0.0,0.0,265.8285742062135,0.0,0.0,0.0,0.0,0.0,0.0,0.0,0.0,0.0,0.0,0
0.0,0.0,0.0,-41.55137601227534,0.0,0.0,0.0,0.0,0.0,0.0,0.0,0.0,0.0,0.0,6
0.6658794,56572.9188996063,1.0,255.84029374368174,40.0,91.0,62.0,46.0,26.0,68.0,6.725,0.0,0.0,2.0,2
0.0,0.0,0.0,202.85723606655824,0.0,0.0,0.0,0.0,0.0,0.0,0.0,0.0,0.0,1.0,1
0.0,0.0,0.0,-30.94467108301228,0.0,0.0,0.0,0.0,0.0,0.0,0.0,0.0,0.0,0.0,1
0.0,0.0,0.0,53.21758357505223,0.0,0.0,0.0,0.0,0.0,0.0,0.0,0.0,0.0,1.0,0
0.0,0.0,0.0,41.7324241111387,0.0,0.0,0.0,0.0,0.0,0.0,0.0,0.0,0.0,0.0,0
0.0,0.0,0.0,257.2524648097499,0.0,0.0,0.0,0.0,0.0,0.0,0.0,0.0,0.0,5.0,2
0.0,0.0,0.0,-159.44776292646202,0.0,0.0,0.0,0.0,0.0,0.0,0.0,0.0,0.0,0.0,1
0.0,0.0,0.0,138.4210041504432,0.0,0.0,0.0,0.0,0.0,0.0,0.0,0.0,1.0,5.0,0
0.0,0.0,0.0,59.473777755560604,0.0,0.0,0.0,0.0,0.0,0.0,0.0,1.0,0.0,0.0,0
0.0,0.0,0.0,-87.26479657717641,0.0,0.0,0.0,0.0,0.0,0.0,0.0,0.0,0.0,0.0,-1
0.0,0.0,0.0,-6.393966472171087,0.0,0.0,0.0,0.0,0.0,0.0,0.0,0.0,0.0,0.0,9
0.0,0.0,0.0,113.37696337865623,0.0,0.0,0.0,0.0,0.0,0.0,0.0,0.0,0.0,0.0,2
0.0,0.0,0.0,238.0146456066625,0.0,0.0,0.0,0.0,0.0,0.0,0.0,0.0,0.0,1.0,1
0.6658794,56572.9188996063,1.0,103.38868291612448,40.0,91.0,62.0,46.0,26.0,68.0,6.725,0.0,0.0,2.0,0
0.0,0.0,0.0,110.37562067169165,0.0,0.0,0.0,0.0,0.0,0.0,0.0,0.0,0.0,1.0,-2
0.0,0.0,0.0,87.97378790743005,0.0,0.0,0.0,0.0,0.0,0.0,0.0,0.0,0.0,4.0,1
0.0,0.0,0.0,183.05271586584263,0.0,0.0,0.0,0.0,0.0,0.0,0.0,0.0,0.0,1.0,1
0.0,0.0,0.0,-116.0610933272676,0.0,0.0,0.0,0.0,0.0,0.0,0.0,0.0,0.0,0.0,0
0.0,0.0,0.0,-239.7586188181292,0.0,0.0,0.0,0.0,0.0,0.0,0.0,0.0,-1.0,-6.0,-4
0.0,0.0,0.0,-188.60241124486242,0.0,0.0,0.0,0.0,0.0,0.0,0.0,0.0,0.0,-1.0,-2
0.0,0.0,0.0,106.29611413456064,0.0,0.0,0.0,0.0,0.0,0.0,0.0,0.0,0.0,0.0,0
0.0,0.0,0.0,206.27009930546205,0.0,0.0,0.0,0.0,0.0,0.0,0.0,-1.0,0.0,0.0,0
0.0,0.0,0.0,35.157409540104254,0.0,0.0,0.0,0.0,0.0,0.0,0.0,0.0,0.0,0.0,-1
0.0,0.0,0.0,-196.46326959438716,0.0,0.0,0.0,0.0,0.0,0.0,0.0,0.0,0.0,-1.0,-1
-0.6658794,-56572.9188996063,-1.0,-369.21725712233797,-40.0,-91.0,-62.0,-46.0,-26.0,-68.0,-6.725,0.0,0.0,-2.0,-1
0.0,0.0,0.0,-152.45161082755726,0.0,0.0,0.0,0.0,0.0,0.0,0.0,0.0,0.0,0.0,0
0.0,0.0,0.0,141.32029175470393,0.0,0.0,0.0,0.0,0.0,0.0,0.0,0.0,0.0,1.0,1
0.0,0.0,0.0,-152.10804478283035,0.0,0.0,0.0,0.0,0.0,0.0,0.0,0.0,0.0,-1.0,-5
0.0,0.0,0.0,-169.27867690231983,0.0,0.0,0.0,0.0,0.0,0.0,0.0,0.0,0.0,-1.0,1
0.0,0.0,0.0,-141.19137148248228,0.0,0.0,0.0,0.0,0.0,0.0,0.0,0.0,0.0,-5.0,-1
0.0,0.0,0.0,115.09399691837598,0.0,0.0,0.0,0.0,0.0,0.0,0.0,0.0,1.0,6.0,3
0.0,0.0,0.0,100.29887284309234,0.0,0.0,0.0,0.0,0.0,0.0,0.0,0.0,0.0,0.0,1
0.0,0.0,0.0,192.45345645692487,0.0,0.0,0.0,0.0,0.0,0.0,0.0,0.0,0.0,5.0,-1
0.0,0.0,0.0,236.07493447375555,0.0,0.0,0.0,0.0,0.0,0.0,0.0,0.0,0.0,1.0,3
0.0,0.0,0.0,18.31912692398805,0.0,0.0,0.0,0.0,0.0,0.0,0.0,1.0,0.0,0.0,1
0.0,0.0,0.0,-73.09599360845277,0.0,0.0,0.0,0.0,0.0,0.0,0.0,0.0,0.0,0.0,-1
0.6658794,56572.9188996063,1.0,194.93998829444286,40.0,91.0,62.0,46.0,26.0,68.0,6.725,0.0,0.0,2.0,2
0.0,0.0,0.0,-21.73199016289186,0.0,0.0,0.0,0.0,0.0,0.0,0.0,0.0,0.0,1.0,1
0.0,0.0,0.0,96.2696816250027,0.0,0.0,0.0,0.0,0.0,0.0,0.0,0.0,1.0,5.0,0
-0.6658794,-56572.9188996063,-1.0,-231.18038802357387,-40.0,-91.0,-62.0,-46.0,-26.0,-68.0,-6.725,0.0,0.0,-2.0,-1
0.0,0.0,0.0,-162.37567848367803,0.0,0.0,0.0,0.0,0.0,0.0,0.0,0.0,0.0,-1.0,-1
0.0,0.0,0.0,224.38302786283498,0.0,0.0,0.0,0.0,0.0,0.0,0.0,-1.0,0.0,1.0,1
0.6658794,56572.9188996063,1.0,-11.705314002251498,40.0,91.0,62.0,46.0,26.0,68.0,6.725,0.0,-1.0,-4.0,2
0.0,0.0,0.0,-39.844918720264786,0.0,0.0,0.0,0.0,0.0,0.0,0.0,0.0,0.0,0.0,1
0.0,0.0,0.0,65.32501054199042,0.0,0.0,0.0,0.0,0.0,0.0,0.0,0.0,1.0,5.0,-1
0.6658794,56572.9188996063,1.0,93.46461526000371,40.0,91.0,62.0,46.0,26.0,68.0,6.725,0.0,0.0,1.0,3
0.0,0.0,0.0,147.41376058494916,0.0,0.0,0.0,0.0,0.0,0.0,0.0,1.0,0.0,0.0,5
0.0,0.0,0.0,-170.53865843041694,0.0,0.0,0.0,0.0,0.0,0.0,0.0,0.0,0.0,-2.0,-1
0.0,0.0,0.0,10.450824390012485,0.0,0.0,0.0,0.0,0.0,0.0,0.0,0.0,0.0,0.0,-1
0.0,0.0,0.0,-13.081724226171445,0.0,0.0,0.0,0.0,0.0,0.0,0.0,0.0,0.0,-1.0,0
0.0,0.0,0.0,309.84393418530635,0.0,0.0,0.0,0.0,0.0,0.0,0.0,0.0,0.0,1.0,1
0.0,0.0,0.0,138.96887555702347,0.0,0.0,0.0,0.0,0.0,0.0,0.0,0.0,0.0,2.0,0
0.0,0.0,0.0,-51.901721470393795,0.0,0.0,0.0,0.0,0.0,0.0,0.0,0.0,0.0,0.0,-1
0.0,0.0,0.0,251.91814186900547,0.0,0.0,0.0,0.0,0.0,0.0,0.0,0.0,0.0,0.0,2
0.0,0.0,0.0,16.221847892789583,0.0,0.0,0.0,0.0,0.0,0.0,0.0,0.0,0.0,0.0,-1
0.0,0.0,0.0,133.1580073263858,0.0,0.0,0.0,0.0,0.0,0.0,0.0,0.0,0.0,6.0,-1
0.0,0.0,0.0,171.21961961964644,0.0,0.0,0.0,0.0,0.0,0.0,0.0,0.0,0.0,5.0,0
0.0,0.0,0.0,201.63453748089614,0.0,0.0,0.0,0.0,0.0,0.0,0.0,0.0,0.0,0.0,1
0.0,0.0,0.0,270.47038682685934,0.0,0.0,0.0,0.0,0.0,0.0,0.0,0.0,0.0,0.0,3
0.0,0.0,0.0,-235.5991456990862,0.0,0.0,0.0,0.0,0.0,0.0,0.0,0.0,0.0,-1.0,-1
0.0,0.0,0.0,0.9406826547394758,0.0,0.0,0.0,0.0,0.0,0.0,0.0,0.0,0.0,-1.0,-1
0.0,0.0,0.0,-31.324990780360167,0.0,0.0,0.0,0.0,0.0,0.0,0.0,0.0,0.0,0.0,-1
0.0,0.0,0.0,111.25156022318151,0.0,0.0,0.0,0.0,0.0,0.0,0.0,1.0,0.0,0.0,2
0.0,0.0,0.0,131.38697823387133,0.0,0.0,0.0,0.0,0.0,0.0,0.0,0.0,0.0,0.0,1
0.0,0.0,0.0,206.7008587921846,0.0,0.0,0.0,0.0,0.0,0.0,0.0,0.0,0.0,2.0,1
0.0,0.0,0.0,-154.91952685005526,0.0,0.0,0.0,0.0,0.0,0.0,0.0,0.0,0.0,-1.0,-1
0.0,0.0,0.0,79.78646720708548,0.0,0.0,0.0,0.0,0.0,0.0,0.0,0.0,0.0,0.0,0
0.0,0.0,0.0,281.95918844861467,0.0,0.0,0.0,0.0,0.0,0.0,0.0,0.0,0.0,1.0,1
0.0,0.0,0.0,-29.685038392078013,0.0,0.0,0.0,0.0,0.0,0.0,0.0,0.0,0.0,2.0,-3
0.0,0.0,0.0,165.99377726530702,0.0,0.0,0.0,0.0,0.0,0.0,0.0,0.0,0.0,5.0,2
0.0,0.0,0.0,-83.26422791990399,0.0,0.0,0.0,0.0,0.0,0.0,0.0,0.0,0.0,0.0,2
0.0,0.0,0.0,-10.996005538450163,0.0,0.0,0.0,0.0,0.0,0.0,0.0,0.0,0.0,0.0,-1
0.0,0.0,0.0,283.3118499359523,0.0,0.0,0.0,0.0,0.0,0.0,0.0,0.0,0.0,0.0,3
0.0,0.0,0.0,-103.32112460020244,0.0,0.0,0.0,0.0,0.0,0.0,0.0,0.0,0.0,0.0,-1
0.0,0.0,0.0,34.84459444569211,0.0,0.0,0.0,0.0,0.0,0.0,0.0,0.0,0.0,6.0,1
0.0,0.0,0.0,222.75768258999324,0.0,0.0,0.0,0.0,0.0,0.0,0.0,0.0,0.0,1.0,5
0.0,0.0,0.0,34.067284918695805,0.0,0.0,0.0,0.0,0.0,0.0,0.0,0.0,0.0,1.0,0
0.0,0.0,0.0,-66.33295835379545,0.0,0.0,0.0,0.0,0.0,0.0,0.0,0.0,0.0,0.0,-3
0.0,0.0,0.0,-36.162200361767646,0.0,0.0,0.0,0.0,0.0,0.0,0.0,0.0,0.0,0.0,1
0.0,0.0,0.0,59.28709820723543,0.0,0.0,0.0,0.0,0.0,0.0,0.0,-1.0,0.0,2.0,3
0.0,0.0,0.0,144.46870246004278,0.0,0.0,0.0,0.0,0.0,0.0,0.0,0.0,0.0,1.0,0
0.0,0.0,0.0,-141.83780262388382,0.0,0.0,0.0,0.0,0.0,0.0,0.0,0.0,0.0,0.0,0
0.0,0.0,0.0,-27.884745736691684,0.0,0.0,0.0,0.0,0.0,0.0,0.0,0.0,0.0,0.0,-2
0.0,0.0,0.0,-230.05746697822087,0.0,0.0,0.0,0.0,0.0,0.0,0.0,0.0,0.0,-1.0,0
0.0,0.0,0.0,-168.65391394910148,0.0,0.0,0.0,0.0,0.0,0.0,0.0,0.0,0.0,0.0,-1
0.0,0.0,0.0,-222.23310347692745,0.0,0.0,0.0,0.0,0.0,0.0,0.0,0.0,0.0,-2.0,-1
0.0,0.0,0.0,-236.47913192658825,0.0,0.0,0.0,0.0,0.0,0.0,0.0,0.0,0.0,-6.0,2
0.0,0.0,0.0,-98.3134128806937,0.0,0.0,0.0,0.0,0.0,0.0,0.0,0.0,0.0,0.0,-3
0.0,0.0,0.0,-182.2156251580966,0.0,0.0,0.0,0.0,0.0,0.0,0.0,0.0,0.0,-5.0,-2
0.0,0.0,0.0,-5.22584235433942,0.0,0.0,0.0,0.0,0.0,0.0,0.0,0.0,0.0,0.0,0
0.0,0.0,0.0,65.39227569905597,0.0,0.0,0.0,0.0,0.0,0.0,0.0,0.0,0.0,1.0,-1
0.0,0.0,0.0,-35.00796757343528,0.0,0.0,0.0,0.0,0.0,0.0,0.0,0.0,0.0,0.0,-1
0.0,0.0,0.0,-47.7127042368661,0.0,0.0,0.0,0.0,0.0,0.0,0.0,0.0,0.0,1.0,-1
0.0,0.0,0.0,12.841463109092956,0.0,0.0,0.0,0.0,0.0,0.0,0.0,0.0,0.0,0.0,-1
0.0,0.0,0.0,156.13014308593552,0.0,0.0,0.0,0.0,0.0,0.0,0.0,0.0,0.0,-1.0,1
0.0,0.0,0.0,4.8686304673260565,0.0,0.0,0.0,0.0,0.0,0.0,0.0,0.0,0.0,2.0,1
0.0,0.0,0.0,67.50019196608082,0.0,0.0,0.0,0.0,0.0,0.0,0.0,-1.0,0.0,1.0,0
0.0,0.0,0.0,103.61236228436337,0.0,0.0,0.0,0.0,0.0,0.0,0.0,0.0,0.0,0.0,0
0.0,0.0,0.0,124.51735742593814,0.0,0.0,0.0,0.0,0.0,0.0,0.0,0.0,0.0,5.0,2
0.0,0.0,0.0,110.29085597345897,0.0,0.0,0.0,0.0,0.0,0.0,0.0,0.0,0.0,-1.0,1
0.0,0.0,0.0,145.015675074402,0.0,0.0,0.0,0.0,0.0,0.0,0.0,0.0,0.0,0.0,1
0.0,0.0,0.0,-61.637469081853396,0.0,0.0,0.0,0.0,0.0,0.0,0.0,0.0,0.0,-1.0,0
0.0,0.0,0.0,-172.55213916828416,0.0,0.0,0.0,0.0,0.0,0.0,0.0,0.0,0.0,1.0,-2
0.0,0.0,0.0,-41.79899275599064,0.0,0.0,0.0,0.0,0.0,0.0,0.0,0.0,0.0,5.0,-1
0.0,0.0,0.0,-20.290233064368977,0.0,0.0,0.0,0.0,0.0,0.0,0.0,0.0,0.0,-1.0,-2
0.0,0.0,0.0,-105.39413268166209,0.0,0.0,0.0,0.0,0.0,0.0,0.0,1.0,0.0,0.0,0
0.0,0.0,0.0,50.014087320334966,0.0,0.0,0.0,0.0,0.0,0.0,0.0,0.0,0.0,1.0,1
0.0,0.0,0.0,-28.718313136656434,0.0,0.0,0.0,0.0,0.0,0.0,0.0,0.0,0.0,-1.0,1
0.0,0.0,0.0,47.7127042368661,0.0,0.0,0.0,0.0,0.0,0.0,0.0,0.0,0.0,-1.0,2
0.0,0.0,0.0,126.4451046938575,0.0,0.0,0.0,0.0,0.0,0.0,0.0,0.0,0.0,1.0,2
0.0,0.0,0.0,376.09715566083946,0.0,0.0,0.0,0.0,0.0,0.0,0.0,1.0,1.0,2.0,4
0.0,0.0,0.0,161.41537426665354,0.0,0.0,0.0,0.0,0.0,0.0,0.0,0.0,0.0,6.0,1
0.0,0.0,0.0,151.44566600011194,0.0,0.0,0.0,0.0,0.0,0.0,0.0,0.0,0.0,1.0,2
0.0,0.0,0.0,204.14510848446366,0.0,0.0,0.0,0.0,0.0,0.0,0.0,0.0,0.0,1.0,3
0.0,0.0,0.0,-65.96597560107443,0.0,0.0,0.0,0.0,0.0,0.0,0.0,0.0,0.0,-4.0,-1
0.0,0.0,0.0,245.14345652439033,0.0,0.0,0.0,0.0,0.0,0.0,0.0,0.0,0.0,5.0,3
0.0,0.0,0.0,254.1372913392347,0.0,0.0,0.0,0.0,0.0,0.0,0.0,0.0,0.0,1.0,1
0.0,0.0,0.0,1.560556835398529,0.0,0.0,0.0,0.0,0.0,0.0,0.0,0.0,0.0,1.0,0
0.0,0.0,0.0,73.63608746618365,0.0,0.0,0.0,0.0,0.0,0.0,0.0,0.0,0.0,0.0,1
0.0,0.0,0.0,-396.76202350519225,0.0,0.0,0.0,0.0,0.0,0.0,0.0,0.0,0.0,0.0,-1
0.0,0.0,0.0,-169.09233040119148,0.0,0.0,0.0,0.0,0.0,0.0,0.0,0.0,0.0,0.0,-2
0.0546375,64746.4506778863,1.0,433.36941912846305,40.0,91.0,62.0,46.0,26.0,68.0,6.725,0.0,0.0,3.0,13
0.0,0.0,0.0,-1.7278011222497298,0.0,0.0,0.0,0.0,0.0,0.0,0.0,0.0,0.0,0.0,2
0.0,0.0,0.0,105.92906814166145,0.0,0.0,0.0,0.0,0.0,0.0,0.0,0.0,0.0,5.0,1
0.0,0.0,0.0,173.67984829862553,0.0,0.0,0.0,0.0,0.0,0.0,0.0,1.0,1.0,1.0,1
0.0,0.0,0.0,-140.0443198714379,0.0,0.0,0.0,0.0,0.0,0.0,0.0,0.0,0.0,-5.0,1
0.0,0.0,0.0,-95.95935987511984,0.0,0.0,0.0,0.0,0.0,0.0,0.0,0.0,0.0,0.0,-1
0.0,0.0,0.0,143.917376656354,0.0,0.0,0.0,0.0,0.0,0.0,0.0,0.0,0.0,1.0,1
0.0,0.0,0.0,-171.06511225402687,0.0,0.0,0.0,0.0,0.0,0.0,0.0,0.0,0.0,-4.0,-5
0.0,0.0,0.0,108.65935784748217,0.0,0.0,0.0,0.0,0.0,0.0,0.0,0.0,0.0,-1.0,1
0.0,0.0,0.0,346.80006604539267,0.0,0.0,0.0,0.0,0.0,0.0,0.0,0.0,0.0,0.0,2
0.0,0.0,0.0,123.59804492598323,0.0,0.0,0.0,0.0,0.0,0.0,0.0,0.0,0.0,0.0,2
0.0,0.0,0.0,265.23220562730444,0.0,0.0,0.0,0.0,0.0,0.0,0.0,0.0,0.0,0.0,4
0.0546375,64746.4506778863,1.0,337.2295439023501,40.0,91.0,62.0,46.0,26.0,68.0,6.725,0.0,0.0,3.0,3
0.0,0.0,0.0,-55.4863061249921,0.0,0.0,0.0,0.0,0.0,0.0,0.0,0.0,0.0,-1.0,0
0.0,0.0,0.0,-257.3747341417734,0.0,0.0,0.0,0.0,0.0,0.0,0.0,0.0,0.0,-6.0,-4
0.0,0.0,0.0,-377.8249567830892,0.0,0.0,0.0,0.0,0.0,0.0,0.0,-1.0,-1.0,-2.0,-1
0.0,0.0,0.0,-202.41730736221393,0.0,0.0,0.0,0.0,0.0,0.0,0.0,0.0,0.0,-1.0,-1
0.0,0.0,0.0,-74.07834427036346,0.0,0.0,0.0,0.0,0.0,0.0,0.0,0.0,0.0,-1.0,-1
0.0,0.0,0.0,-105.09913665295244,0.0,0.0,0.0,0.0,0.0,0.0,0.0,0.0,0.0,0.0,-3
0.0,0.0,0.0,-110.2199146828807,0.0,0.0,0.0,0.0,0.0,0.0,0.0,0.0,0.0,0.0,-2
0.0,0.0,0.0,-145.47793349175254,0.0,0.0,0.0,0.0,0.0,0.0,0.0,0.0,0.0,-2.0,0
0.0,0.0,0.0,49.96195745979958,0.0,0.0,0.0,0.0,0.0,0.0,0.0,0.0,0.0,0.0,1
0.0,0.0,0.0,273.163978579209,0.0,0.0,0.0,0.0,0.0,0.0,0.0,0.0,0.0,0.0,1
-0.0546375,-64746.4506778863,-1.0,-168.1372135011586,-40.0,-91.0,-62.0,-46.0,-26.0,-68.0,-6.725,0.0,0.0,-3.0,-2
0.0,0.0,0.0,-96.13987522611296,0.0,0.0,0.0,0.0,0.0,0.0,0.0,0.0,0.0,0.0,-2
0.0,0.0,0.0,296.21603793127065,0.0,0.0,0.0,0.0,0.0,0.0,0.0,0.0,0.0,6.0,3
0.0,0.0,0.0,69.58223933212616,0.0,0.0,0.0,0.0,0.0,0.0,0.0,0.0,0.0,1.0,0
0.0,0.0,0.0,274.5958253718702,0.0,0.0,0.0,0.0,0.0,0.0,0.0,0.0,0.0,1.0,3
0.0,0.0,0.0,103.2177677593138,0.0,0.0,0.0,0.0,0.0,0.0,0.0,1.0,1.0,-3.0,1
-0.0546375,-64746.4506778863,-1.0,-321.6418357839116,-40.0,-91.0,-62.0,-46.0,-26.0,-68.0,-6.725,0.0,0.0,-2.0,-1
0.0,0.0,0.0,247.7265217878064,0.0,0.0,0.0,0.0,0.0,0.0,0.0,0.0,0.0,0.0,1
0.0,0.0,0.0,65.72818108879483,0.0,0.0,0.0,0.0,0.0,0.0,0.0,0.0,0.0,4.0,2
0.0,0.0,0.0,182.42415535640316,0.0,0.0,0.0,0.0,0.0,0.0,0.0,0.0,0.0,-1.0,1
0.0,0.0,0.0,-92.87969970577865,0.0,0.0,0.0,0.0,0.0,0.0,0.0,0.0,0.0,0.0,-3
-0.0546375,-64746.4506778863,-1.0,-134.10384879043158,-40.0,-91.0,-62.0,-46.0,-26.0,-68.0,-6.725,1.0,1.0,-1.0,-1
0.0,0.0,0.0,-168.70020411035284,0.0,0.0,0.0,0.0,0.0,0.0,0.0,0.0,0.0,4.0,-2
0.0,0.0,0.0,-47.575554141091516,0.0,0.0,0.0,0.0,0.0,0.0,0.0,0.0,0.0,6.0,-1
-0.0546375,-64746.4506778863,-1.0,-214.90399738327847,-40.0,-91.0,-62.0,-46.0,-26.0,-68.0,-6.725,0.0,0.0,-2.0,-1
0.0,0.0,0.0,25.43745679140261,0.0,0.0,0.0,0.0,0.0,0.0,0.0,0.0,0.0,0.0,1
0.0,0.0,0.0,-46.76678388211985,0.0,0.0,0.0,0.0,0.0,0.0,0.0,0.0,0.0,1.0,-1
0.0546375,64746.4506778863,1.0,142.699756709756,40.0,91.0,62.0,46.0,26.0,68.0,6.725,0.0,0.0,3.0,2
0.0,0.0,0.0,-59.08832493299542,0.0,0.0,0.0,0.0,0.0,0.0,0.0,1.0,0.0,0.0,-2
0.0,0.0,0.0,225.00834818037947,0.0,0.0,0.0,0.0,0.0,0.0,0.0,0.0,0.0,1.0,4
0.0,0.0,0.0,-174.13014551637707,0.0,0.0,0.0,0.0,0.0,0.0,0.0,0.0,0.0,0.0,-2
-0.1626087,76657.2488844403,1.0,349.12959610428925,40.0,91.0,62.0,46.0,26.0,68.0,6.725,0.0,1.0,4.0,0
0.0,0.0,0.0,263.44711258452116,0.0,0.0,0.0,0.0,0.0,0.0,0.0,0.0,0.0,2.0,-1
0.0,0.0,0.0,29.317092858645765,0.0,0.0,0.0,0.0,0.0,0.0,0.0,0.0,0.0,0.0,0
0.0,0.0,0.0,33.29772515956279,0.0,0.0,0.0,0.0,0.0,0.0,0.0,0.0,0.0,0.0,0
0.0,0.0,0.0,236.3113669374834,0.0,0.0,0.0,0.0,0.0,0.0,0.0,0.0,0.0,2.0,3
0.0,0.0,0.0,-86.35436476132372,0.0,0.0,0.0,0.0,0.0,0.0,0.0,0.0,0.0,0.0,0
0.0,0.0,0.0,81.27954946311002,0.0,0.0,0.0,0.0,0.0,0.0,0.0,0.0,0.0,5.0,-1
0.0,0.0,0.0,67.32964668121463,0.0,0.0,0.0,0.0,0.0,0.0,0.0,0.0,0.0,1.0,7
0.0,0.0,0.0,242.4013544454515,0.0,0.0,0.0,0.0,0.0,0.0,0.0,0.0,0.0,0.0,1
0.0,0.0,0.0,82.1413480380179,0.0,0.0,0.0,0.0,0.0,0.0,0.0,0.0,0.0,0.0,1
0.0,0.0,0.0,173.38860007407402,0.0,0.0,0.0,0.0,0.0,0.0,0.0,0.0,0.0,2.0,0
0.0,0.0,0.0,87.2012481577458,0.0,0.0,0.0,0.0,0.0,0.0,0.0,0.0,0.0,0.0,1
0.0,0.0,0.0,212.2051507982751,0.0,0.0,0.0,0.0,0.0,0.0,0.0,0.0,0.0,5.0,2
0.0,0.0,0.0,23.214616341595956,0.0,0.0,0.0,0.0,0.0,0.0,0.0,0.0,0.0,0.0,-2
0.0,0.0,0.0,-164.82545307130954,0.0,0.0,0.0,0.0,0.0,0.0,0.0,1.0,0.0,0.0,-2
0.0,0.0,0.0,279.8672736546912,0.0,0.0,0.0,0.0,0.0,0.0,0.0,0.0,0.0,0.0,0
0.1626087,-76657.2488844403,-1.0,-147.33586426550573,-40.0,-91.0,-62.0,-46.0,-26.0,-68.0,-6.725,0.0,-1.0,-3.0,0
0.0,0.0,0.0,-85.11529396236551,0.0,0.0,0.0,0.0,0.0,0.0,0.0,0.0,0.0,0.0,-1
0.0,0.0,0.0,122.01235101308839,0.0,0.0,0.0,0.0,0.0,0.0,0.0,0.0,0.0,0.0,2
0.0,0.0,0.0,292.10956804120315,0.0,0.0,0.0,0.0,0.0,0.0,0.0,0.0,0.0,2.0,1
0.0,0.0,0.0,108.13703641186999,0.0,0.0,0.0,0.0,0.0,0.0,0.0,0.0,0.0,2.0,2
0.0,0.0,0.0,84.7363557149456,0.0,0.0,0.0,0.0,0.0,0.0,0.0,0.0,0.0,1.0,-1
0.0,0.0,0.0,132.03598264551442,0.0,0.0,0.0,0.0,0.0,0.0,0.0,0.0,0.0,0.0,-2
0.0,0.0,0.0,196.7197365612608,0.0,0.0,0.0,0.0,0.0,0.0,0.0,0.0,0.0,0.0,3
0.0,0.0,0.0,-98.68625849684099,0.0,0.0,0.0,0.0,0.0,0.0,0.0,0.0,0.0,-5.0,0
0.0,0.0,0.0,-4.020488945445777,0.0,0.0,0.0,0.0,0.0,0.0,0.0,0.0,0.0,0.0,0
0.0,0.0,0.0,-71.14543307183726,0.0,0.0,0.0,0.0,0.0,0.0,0.0,0.0,0.0,0.0,-1
0.0,0.0,0.0,134.08429170570298,0.0,0.0,0.0,0.0,0.0,0.0,0.0,0.0,0.0,5.0,1
0.0,0.0,0.0,-15.041918844490965,0.0,0.0,0.0,0.0,0.0,0.0,0.0,0.0,0.0,-2.0,2
0.0,0.0,0.0,-105.73712813831412,0.0,0.0,0.0,0.0,0.0,0.0,0.0,0.0,0.0,0.0,-1
0.0,0.0,0.0,338.9555985876866,0.0,0.0,0.0,0.0,0.0,0.0,0.0,-1.0,0.0,0.0,2
0.1626087,-76657.2488844403,-1.0,-372.3442124458852,-40.0,-91.0,-62.0,-46.0,-26.0,-68.0,-6.725,0.0,-1.0,-4.0,-1
0.0,0.0,0.0,-201.79373183878351,0.0,0.0,0.0,0.0,0.0,0.0,0.0,0.0,0.0,-1.0,-3
0.0,0.0,0.0,55.79820110371975,0.0,0.0,0.0,0.0,0.0,0.0,0.0,0.0,0.0,0.0,1
0.0,0.0,0.0,-321.4266608998489,0.0,0.0,0.0,0.0,0.0,0.0,0.0,0.0,0.0,-2.0,1
0.0,0.0,0.0,-141.43476157143277,0.0,0.0,0.0,0.0,0.0,0.0,0.0,0.0,0.0,-2.0,-2
0.0,0.0,0.0,-155.31007617265118,0.0,0.0,0.0,0.0,0.0,0.0,0.0,0.0,0.0,0.0,-1
0.0,0.0,0.0,-110.36537179993707,0.0,0.0,0.0,0.0,0.0,0.0,0.0,0.0,0.0,0.0,-1
0.0,0.0,0.0,-45.6816178841907,0.0,0.0,0.0,0.0,0.0,0.0,0.0,0.0,0.0,0.0,0
0.0,0.0,0.0,-166.01590517805562,0.0,0.0,0.0,0.0,0.0,0.0,0.0,0.0,0.0,-6.0,-2
0.0,0.0,0.0,17.406709033730976,0.0,0.0,0.0,0.0,0.0,0.0,0.0,0.0,0.0,0.0,1
0.0,0.0,0.0,-102.24316700223676,0.0,0.0,0.0,0.0,0.0,0.0,0.0,0.0,0.0,-2.0,-2
0.0,0.0,0.0,-158.34668122958306,0.0,0.0,0.0,0.0,0.0,0.0,0.0,0.0,0.0,0.0,1
0.0,0.0,0.0,-216.22563974372088,0.0,0.0,0.0,0.0,0.0,0.0,0.0,0.0,0.0,-5.0,1
0.0,0.0,0.0,-78.12085909257212,0.0,0.0,0.0,0.0,0.0,0.0,0.0,0.0,0.0,0.0,-1
0.1626087,-76657.2488844403,-1.0,-73.50597673676361,-40.0,-91.0,-62.0,-46.0,-26.0,-68.0,-6.725,0.0,-1.0,-4.0,2
0.0,0.0,0.0,106.19144698979085,0.0,0.0,0.0,0.0,0.0,0.0,0.0,0.0,0.0,2.0,1
0.0,0.0,0.0,271.5546815191253,0.0,0.0,0.0,0.0,0.0,0.0,0.0,0.0,0.0,2.0,2
0.0,0.0,0.0,100.30025798763495,0.0,0.0,0.0,0.0,0.0,0.0,0.0,0.0,0.0,1.0,3
0.0,0.0,0.0,-36.149589820716756,0.0,0.0,0.0,0.0,0.0,0.0,0.0,0.0,0.0,1.0,0
0.0,0.0,0.0,243.06575972424457,0.0,0.0,0.0,0.0,0.0,0.0,0.0,0.0,0.0,5.0,3
0.0,0.0,0.0,-32.79806590687599,0.0,0.0,0.0,0.0,0.0,0.0,0.0,0.0,0.0,-1.0,0
0.0,0.0,0.0,49.365213211041464,0.0,0.0,0.0,0.0,0.0,0.0,0.0,0.0,0.0,0.0,5
0.0,0.0,0.0,-27.825497288892848,0.0,0.0,0.0,0.0,0.0,0.0,0.0,0.0,0.0,-5.0,0
0.0,0.0,0.0,119.24947976345061,0.0,0.0,0.0,0.0,0.0,0.0,0.0,0.0,0.0,-2.0,0
0.0,0.0,0.0,-29.460783555555054,0.0,0.0,0.0,0.0,0.0,0.0,0.0,0.0,0.0,0.0,1
0.0,0.0,0.0,-84.70032771298406,0.0,0.0,0.0,0.0,0.0,0.0,0.0,0.0,0.0,-1.0,-1
0.0,0.0,0.0,25.53502555724026,0.0,0.0,0.0,0.0,0.0,0.0,0.0,0.0,0.0,2.0,3
0.0,0.0,0.0,242.00931026625653,0.0,0.0,0.0,0.0,0.0,0.0,0.0,0.0,0.0,2.0,2
0.0,0.0,0.0,86.35436476132372,0.0,0.0,0.0,0.0,0.0,0.0,0.0,0.0,0.0,0.0,1
0.0,0.0,0.0,-130.11991994769255,0.0,0.0,0.0,0.0,0.0,0.0,0.0,0.0,0.0,0.0,0
